-- --------------------------------------- --
--             InComb Data SQL             --
--                                         --
--   Please execute the schema.sql first.  --
-- --------------------------------------- --

-- Test Users --
-- Password is "Abc123-"
INSERT INTO `user` (`id`, `email`, `username`, `display_name`, `password_hash`, `salt`, `register_date`, `deleted`) VALUES (1, 'test1@notimportant.com', 'test', 'Test1_Display', 'ea433a385df0b821ad1eaf47bfbdd825e5603ef0eca3f58f25c77364c62ebaf5', 'e38b789ce8423c1aaf005daaba115f12', '2014-12-26 22:32:14', 0);
INSERT INTO `user` (`id`, `email`, `username`, `display_name`, `password_hash`, `salt`, `register_date`, `deleted`) VALUES (2, 'test1@notimportant.com', 'test1', 'Test1_Display', 'ea433a385df0b821ad1eaf47bfbdd825e5603ef0eca3f58f25c77364c62ebaf5', 'e38b789ce8423c1aaf005daaba115f12', '2014-12-26 22:32:14', 0);
INSERT INTO `user` (`id`, `email`, `username`, `display_name`, `password_hash`, `salt`, `register_date`, `deleted`) VALUES (3, 'test2@notimportant.com', 'test2', 'Test2_Display', 'ea433a385df0b821ad1eaf47bfbdd825e5603ef0eca3f58f25c77364c62ebaf5', 'e38b789ce8423c1aaf005daaba115f12', '2014-12-26 22:32:14', 0);
INSERT INTO `user` (`id`, `email`, `username`, `display_name`, `password_hash`, `salt`, `register_date`, `deleted`) VALUES (4, 'test3@notimportant.com', 'test3', 'Test3_Display', 'ea433a385df0b821ad1eaf47bfbdd825e5603ef0eca3f58f25c77364c62ebaf5', 'e38b789ce8423c1aaf005daaba115f12', '2014-12-26 22:32:14', 0);
INSERT INTO `user` (`id`, `email`, `username`, `display_name`, `password_hash`, `salt`, `register_date`, `deleted`) VALUES (5, 'test4@notimportant.com', 'test4', 'Test4_Display', 'ea433a385df0b821ad1eaf47bfbdd825e5603ef0eca3f58f25c77364c62ebaf5', 'e38b789ce8423c1aaf005daaba115f12', '2014-12-26 22:32:14', 0);
INSERT INTO `user` (`id`, `email`, `username`, `display_name`, `password_hash`, `salt`, `register_date`, `deleted`) VALUES (6, 'test5@notimportant.com', 'test5', 'Test5_Display', 'ea433a385df0b821ad1eaf47bfbdd825e5603ef0eca3f58f25c77364c62ebaf5', 'e38b789ce8423c1aaf005daaba115f12', '2014-12-27 21:47:43', 0);
INSERT INTO `user` (`id`, `email`, `username`, `display_name`, `password_hash`, `salt`, `register_date`, `deleted`) VALUES (7, 'test6@notimportant.com', 'test6', 'Test6_Display', 'ea433a385df0b821ad1eaf47bfbdd825e5603ef0eca3f58f25c77364c62ebaf5', 'e38b789ce8423c1aaf005daaba115f12', '2014-12-27 21:47:43', 0);
INSERT INTO `user` (`id`, `email`, `username`, `display_name`, `password_hash`, `salt`, `register_date`, `deleted`) VALUES (8, 'test7@notimportant.com', 'test7', 'Test7_Display', 'ea433a385df0b821ad1eaf47bfbdd825e5603ef0eca3f58f25c77364c62ebaf5', 'e38b789ce8423c1aaf005daaba115f12', '2014-12-26 22:32:14', 0);
INSERT INTO `user` (`id`, `email`, `username`, `display_name`, `password_hash`, `salt`, `register_date`, `deleted`) VALUES (9, 'test8@notimportant.com', 'test8', 'Test8_Display', 'ea433a385df0b821ad1eaf47bfbdd825e5603ef0eca3f58f25c77364c62ebaf5', 'e38b789ce8423c1aaf005daaba115f12', '2014-12-26 22:32:14', 0);
INSERT INTO `user` (`id`, `email`, `username`, `display_name`, `password_hash`, `salt`, `register_date`, `deleted`) VALUES (10, 'test9@notimportant.com', 'test9', 'Test9_Display', 'ea433a385df0b821ad1eaf47bfbdd825e5603ef0eca3f58f25c77364c62ebaf5', 'e38b789ce8423c1aaf005daaba115f12', '2014-12-27 21:47:43', 0);


-- fly withs --
INSERT INTO `fly_with` (`user_id`, `fly_with_id`, `fly_with_start_date`) VALUES (1, 2, '2015-01-04 01:26:34');
INSERT INTO `fly_with` (`user_id`, `fly_with_id`, `fly_with_start_date`) VALUES (1, 3, '2015-01-04 01:26:45');
INSERT INTO `fly_with` (`user_id`, `fly_with_id`, `fly_with_start_date`) VALUES (1, 4, '2015-01-04 01:26:48');
INSERT INTO `fly_with` (`user_id`, `fly_with_id`, `fly_with_start_date`) VALUES (1, 5, '2015-01-04 01:26:51');
INSERT INTO `fly_with` (`user_id`, `fly_with_id`, `fly_with_start_date`) VALUES (1, 6, '2015-01-04 01:26:55');
INSERT INTO `fly_with` (`user_id`, `fly_with_id`, `fly_with_start_date`) VALUES (1, 7, '2015-01-04 01:26:35');

-- Modules --
INSERT INTO incomb.module (id, name_key, image_path, template_path) VALUES(1, "modules.news", "", "");

-- Categories --
INSERT INTO incomb.category (id, module_id, name_key, image_path) VALUES(1, 1, "categories.news.switzerland", "");
INSERT INTO incomb.category (id, module_id, name_key, image_path) VALUES(2, 1, "categories.news.worldNews", "");
INSERT INTO incomb.category (id, module_id, name_key, image_path) VALUES(3, 1, "categories.news.sport", "");
INSERT INTO incomb.category (id, module_id, name_key, image_path) VALUES(4, 1, "categories.news.economy", "");
INSERT INTO incomb.category (id, module_id, name_key, image_path) VALUES(5, 1, "categories.news.digital", "");
INSERT INTO incomb.category (id, module_id, name_key, image_path) VALUES(6, 1, "categories.news.health", "");

INSERT INTO category_preference (user_id, category_id, factor) VALUES(1, 1, 1.0);
INSERT INTO category_preference (user_id, category_id, factor) VALUES(1, 2, 1.0);
INSERT INTO category_preference (user_id, category_id, factor) VALUES(1, 3, 1.0);
INSERT INTO category_preference (user_id, category_id, factor) VALUES(1, 4, 1.0);
INSERT INTO category_preference (user_id, category_id, factor) VALUES(1, 5, 1.0);
INSERT INTO category_preference (user_id, category_id, factor) VALUES(1, 6, 1.0);

-- Providers --
INSERT INTO incomb.provider (id, name, image_path, website) VALUES ( 1, "20 Minuten", "/img/providers/20min.png", "http://www.20min.ch");
INSERT INTO incomb.provider (id, name, image_path, website) VALUES ( 2, "Blick", "/img/providers/blick.png", "http://www.blick.ch");
INSERT INTO incomb.provider (id, name, image_path, website) VALUES ( 3, "Die Welt", "/img/providers/diewelt.png", "http://www.welt.de");
INSERT INTO incomb.provider (id, name, image_path, website) VALUES ( 4, "Engadget", "/img/providers/engadget.png", "http://www.engadget.com/");
INSERT INTO incomb.provider (id, name, image_path, website) VALUES ( 5, "Frankfurter Allgemeine Zeitung", "/img/providers/faz.png", "http://www.faz.net/");
INSERT INTO incomb.provider (id, name, image_path, website) VALUES ( 6, "Golem", "/img/providers/golem.png", "http://www.golem.de/");
INSERT INTO incomb.provider (id, name, image_path, website) VALUES ( 7, "Microsoft", "/img/providers/microsoft.png", "http://www.microsoft.com");
INSERT INTO incomb.provider (id, name, image_path, website) VALUES ( 8, "New York Times", "/img/providers/newyorktimes.png", "http://www.nytimes.com/");
INSERT INTO incomb.provider (id, name, image_path, website) VALUES ( 9, "NZZ", "/img/providers/nzz.png", "http://www.nzz.ch/");
INSERT INTO incomb.provider (id, name, image_path, website) VALUES (10, "Stadt Bremerhaven", "/img/providers/stadtbremerhaven.png", "http://stadt-bremerhaven.de/");
INSERT INTO incomb.provider (id, name, image_path, website) VALUES (11, "Süddeutsche Zeitung", "/img/providers/sueddeutsche.png", "http://www.sueddeutsche.de/");
INSERT INTO incomb.provider (id, name, image_path, website) VALUES (12, "Tages-Anzeiger", "/img/providers/tagesanzeiger.png", "http://www.tagesanzeiger.ch/");
INSERT INTO incomb.provider (id, name, image_path, website, parser_class) VALUES (13, "The Guardian", "/img/providers/theguardian.png", "http://www.theguardian.com/", "com.incomb.server.content.parsing.rss.providerSpecific.GuardianRssContentParser");
INSERT INTO incomb.provider (id, name, image_path, website) VALUES (14, "The Verge", "/img/providers/theverge.png", "http://www.theverge.com/");

-- Content Sources --

-- 20 Minuten --
INSERT INTO incomb.content_source (id, provider_id, category_id, `interval`, url, locale) VALUES ( 1, 1, 1, 300, 'http://www.20min.ch/rss/rss.tmpl?type=rubrik&get=2', "de");
INSERT INTO incomb.content_source (id, provider_id, category_id, `interval`, url, locale) VALUES ( 2, 1, 2, 300, 'http://www.20min.ch/rss/rss.tmpl?type=rubrik&get=3', "de");
INSERT INTO incomb.content_source (id, provider_id, category_id, `interval`, url, locale) VALUES ( 3, 1, 3, 300, 'http://www.20min.ch/rss/rss.tmpl?type=channel&get=9', "de");
INSERT INTO incomb.content_source (id, provider_id, category_id, `interval`, url, locale) VALUES ( 4, 1, 5, 300, 'http://www.20min.ch/rss/rss.tmpl?type=channel&get=10', "de");
INSERT INTO incomb.content_source (id, provider_id, category_id, `interval`, url, locale) VALUES ( 5, 1, 4, 300, 'http://www.20min.ch/rss/rss.tmpl?type=channel&get=8', "de");
INSERT INTO incomb.content_source (id, provider_id, category_id, `interval`, url, locale) VALUES ( 6, 1, 6, 300, 'http://www.20min.ch/rss/rss.tmpl?type=channel&get=25', "de");

-- Blick --
INSERT INTO incomb.content_source (id, provider_id, category_id, `interval`, url, locale) VALUES ( 7, 2, 1, 600, 'http://www.blick.ch/news/schweiz/rss', "de");
INSERT INTO incomb.content_source (id, provider_id, category_id, `interval`, url, locale) VALUES ( 8, 2, 2, 600, 'http://www.blick.ch/news/ausland/rss', "de");
INSERT INTO incomb.content_source (id, provider_id, category_id, `interval`, url, locale) VALUES ( 9, 2, 3, 600, 'http://www.blick.ch/sport/rss', "de");
INSERT INTO incomb.content_source (id, provider_id, category_id, `interval`, url, locale) VALUES (10, 2, 5, 600, 'http://www.blick.ch/life/digital/rss', "de");
INSERT INTO incomb.content_source (id, provider_id, category_id, `interval`, url, locale) VALUES (11, 2, 4, 600, 'http://www.blick.ch/news/wirtschaft/rss', "de");
INSERT INTO incomb.content_source (id, provider_id, category_id, `interval`, url, locale) VALUES (12, 2, 6, 600, 'http://www.blick.ch/life/rss', "de");

-- Die Welt --
INSERT INTO incomb.content_source (id, provider_id, category_id, `interval`, url, locale) VALUES (13, 3, 2, 600, 'http://www.welt.de/politik/ausland/?service=Rss', "de");
INSERT INTO incomb.content_source (id, provider_id, category_id, `interval`, url, locale) VALUES (14, 3, 3, 600, 'http://www.welt.de/sport/?service=Rss', "de");
INSERT INTO incomb.content_source (id, provider_id, category_id, `interval`, url, locale) VALUES (15, 3, 4, 600, 'http://www.welt.de/wirtschaft/?service=Rss', "de");
INSERT INTO incomb.content_source (id, provider_id, category_id, `interval`, url, locale) VALUES (16, 3, 6, 600, 'http://www.welt.de/gesundheit/?service=Rss', "de");

-- Engadget --
INSERT INTO incomb.content_source (id, provider_id, category_id, `interval`, url, locale) VALUES (17, 4, 5, 600, 'http://www.engadget.com/rss.xml', "en");

-- Frankfurter Allgemeine Zeitung --
INSERT INTO incomb.content_source (id, provider_id, category_id, `interval`, url, locale) VALUES (18, 5, 2, 600, 'http://www.faz.net/rss/aktuell/politik/ausland/', "de");
INSERT INTO incomb.content_source (id, provider_id, category_id, `interval`, url, locale) VALUES (19, 5, 3, 600, 'http://www.faz.net/rss/aktuell/sport/', "de");
INSERT INTO incomb.content_source (id, provider_id, category_id, `interval`, url, locale) VALUES (20, 5, 4, 600, 'http://www.faz.net/rss/aktuell/wirtschaft/', "de");
INSERT INTO incomb.content_source (id, provider_id, category_id, `interval`, url, locale) VALUES (21, 5, 6, 600, 'http://www.faz.net/rss/aktuell/gesellschaft/gesundheit/', "de");

-- Golem --
INSERT INTO incomb.content_source (id, provider_id, category_id, `interval`, url, locale) VALUES (22, 6, 5, 600, 'http://rss.golem.de/rss.php?feed=RSS2.0', "de");
INSERT INTO incomb.content_source (id, provider_id, category_id, `interval`, url, locale) VALUES (23, 6, 4, 600, 'http://rss.golem.de/rss.php?tp=wirtschaft&feed=RSS2.0', "de");

-- Microsoft --
INSERT INTO incomb.content_source (id, provider_id, category_id, `interval`, url, locale) VALUES (24, 7, 5, 600, 'http://www.microsoft.com/germany/msdn/rss/aktuell.xml', "de");

-- New York Times --
INSERT INTO incomb.content_source (id, provider_id, category_id, `interval`, url, locale) VALUES (25, 8, 2, 600, 'http://rss.nytimes.com/services/xml/rss/nyt/World.xml', "en");
INSERT INTO incomb.content_source (id, provider_id, category_id, `interval`, url, locale) VALUES (26, 8, 3, 600, 'http://rss.nytimes.com/services/xml/rss/nyt/Sports.xml', "en");
INSERT INTO incomb.content_source (id, provider_id, category_id, `interval`, url, locale) VALUES (27, 8, 5, 600, 'http://rss.nytimes.com/services/xml/rss/nyt/Technology.xml', "en");
INSERT INTO incomb.content_source (id, provider_id, category_id, `interval`, url, locale) VALUES (28, 8, 4, 600, 'http://rss.nytimes.com/services/xml/rss/nyt/Business.xml', "en");
INSERT INTO incomb.content_source (id, provider_id, category_id, `interval`, url, locale) VALUES (29, 8, 6, 600, 'http://rss.nytimes.com/services/xml/rss/nyt/Health.xml', "en");

-- NZZ --
INSERT INTO incomb.content_source (id, provider_id, category_id, `interval`, url, locale) VALUES (30, 9, 1, 300, 'http://www.nzz.ch/schweiz.rss', "de");
INSERT INTO incomb.content_source (id, provider_id, category_id, `interval`, url, locale) VALUES (31, 9, 2, 300, 'http://www.nzz.ch/international.rss', "de");
INSERT INTO incomb.content_source (id, provider_id, category_id, `interval`, url, locale) VALUES (32, 9, 3, 300, 'http://www.nzz.ch/sport.rss', "de");
INSERT INTO incomb.content_source (id, provider_id, category_id, `interval`, url, locale) VALUES (33, 9, 5, 300, 'http://www.nzz.ch/mehr/digital.rss', "de");
INSERT INTO incomb.content_source (id, provider_id, category_id, `interval`, url, locale) VALUES (34, 9, 4, 300, 'http://www.nzz.ch/wirtschaft.rss', "de");
INSERT INTO incomb.content_source (id, provider_id, category_id, `interval`, url, locale) VALUES (35, 9, 6, 300, 'http://www.nzz.ch/lebensart.rss', "de");

-- Stadt Bremerhaven --
INSERT INTO incomb.content_source (id, provider_id, category_id, `interval`, url, locale) VALUES (36,10, 5, 300, 'http://feeds.feedburner.com/stadt-bremerhaven/dqXM?format=xml', "de");

-- Süddeutsche Zeitung --
INSERT INTO incomb.content_source (id, provider_id, category_id, `interval`, url, locale) VALUES (37,11, 3, 300, 'http://rss.sueddeutsche.de/rss/Sport', "de");
INSERT INTO incomb.content_source (id, provider_id, category_id, `interval`, url, locale) VALUES (38,11, 5, 300, 'http://rss.sueddeutsche.de/rss/Digital', "de");
INSERT INTO incomb.content_source (id, provider_id, category_id, `interval`, url, locale) VALUES (39,11, 4, 300, 'http://rss.sueddeutsche.de/rss/Wirtschaft', "de");
INSERT INTO incomb.content_source (id, provider_id, category_id, `interval`, url, locale) VALUES (40,11, 6, 300, 'http://rss.sueddeutsche.de/rss/gesundheit', "de");

-- Tages-Anzeiger --
INSERT INTO incomb.content_source (id, provider_id, category_id, `interval`, url, locale) VALUES (41,12, 1, 300, 'http://www.tagesanzeiger.ch/schweiz/rss.html', "de");
INSERT INTO incomb.content_source (id, provider_id, category_id, `interval`, url, locale) VALUES (42,12, 2, 300, 'http://www.tagesanzeiger.ch/ausland/rss.html', "de");
INSERT INTO incomb.content_source (id, provider_id, category_id, `interval`, url, locale) VALUES (43,12, 3, 300, 'http://www.tagesanzeiger.ch/sport/rss.html', "de");
INSERT INTO incomb.content_source (id, provider_id, category_id, `interval`, url, locale) VALUES (44,12, 5, 300, 'http://www.tagesanzeiger.ch/digital/rss.html', "de");
INSERT INTO incomb.content_source (id, provider_id, category_id, `interval`, url, locale) VALUES (45,12, 4, 300, 'http://www.tagesanzeiger.ch/wirtschaft/rss.html', "de");
INSERT INTO incomb.content_source (id, provider_id, category_id, `interval`, url, locale) VALUES (46,12, 6, 300, 'http://www.tagesanzeiger.ch/leben/rss.html', "de");

-- The Guardian --
INSERT INTO incomb.content_source (id, provider_id, category_id, `interval`, url, locale) VALUES (47,13, 2, 300, 'http://www.theguardian.com/world/rss', "en");
INSERT INTO incomb.content_source (id, provider_id, category_id, `interval`, url, locale) VALUES (48,13, 3, 300, 'http://feeds.theguardian.com/theguardian/uk/sport/rss', "en");
INSERT INTO incomb.content_source (id, provider_id, category_id, `interval`, url, locale) VALUES (49,13, 5, 300, 'http://feeds.theguardian.com/theguardian/technology/rss', "en");
INSERT INTO incomb.content_source (id, provider_id, category_id, `interval`, url, locale) VALUES (50,13, 4, 300, 'http://www.theguardian.com/uk/business/rss', "en");
INSERT INTO incomb.content_source (id, provider_id, category_id, `interval`, url, locale) VALUES (51,13, 6, 300, 'http://feeds.theguardian.com/theguardian/lifeandstyle/rss', "en");

-- The Verge --
INSERT INTO incomb.content_source (id, provider_id, category_id, `interval`, url, locale) VALUES (52,14, 5, 300, 'http://www.theverge.com/rss/index.xml', "en");

-- RSS Feed Content Source --
INSERT INTO `rss_feed_content_source` (`content_source_id`) VALUES (1);
INSERT INTO `rss_feed_content_source` (`content_source_id`) VALUES (2);
INSERT INTO `rss_feed_content_source` (`content_source_id`) VALUES (3);
INSERT INTO `rss_feed_content_source` (`content_source_id`) VALUES (4);
INSERT INTO `rss_feed_content_source` (`content_source_id`) VALUES (5);
INSERT INTO `rss_feed_content_source` (`content_source_id`) VALUES (6);
INSERT INTO `rss_feed_content_source` (`content_source_id`) VALUES (7);
INSERT INTO `rss_feed_content_source` (`content_source_id`) VALUES (8);
INSERT INTO `rss_feed_content_source` (`content_source_id`) VALUES (9);
INSERT INTO `rss_feed_content_source` (`content_source_id`) VALUES (10);
INSERT INTO `rss_feed_content_source` (`content_source_id`) VALUES (11);
INSERT INTO `rss_feed_content_source` (`content_source_id`) VALUES (12);
INSERT INTO `rss_feed_content_source` (`content_source_id`) VALUES (13);
INSERT INTO `rss_feed_content_source` (`content_source_id`) VALUES (14);
INSERT INTO `rss_feed_content_source` (`content_source_id`) VALUES (15);
INSERT INTO `rss_feed_content_source` (`content_source_id`) VALUES (16);
INSERT INTO `rss_feed_content_source` (`content_source_id`) VALUES (17);
INSERT INTO `rss_feed_content_source` (`content_source_id`) VALUES (18);
INSERT INTO `rss_feed_content_source` (`content_source_id`) VALUES (19);
INSERT INTO `rss_feed_content_source` (`content_source_id`) VALUES (20);
INSERT INTO `rss_feed_content_source` (`content_source_id`) VALUES (21);
INSERT INTO `rss_feed_content_source` (`content_source_id`) VALUES (22);
INSERT INTO `rss_feed_content_source` (`content_source_id`) VALUES (23);
INSERT INTO `rss_feed_content_source` (`content_source_id`) VALUES (24);
INSERT INTO `rss_feed_content_source` (`content_source_id`) VALUES (25);
INSERT INTO `rss_feed_content_source` (`content_source_id`) VALUES (26);
INSERT INTO `rss_feed_content_source` (`content_source_id`) VALUES (27);
INSERT INTO `rss_feed_content_source` (`content_source_id`) VALUES (28);
INSERT INTO `rss_feed_content_source` (`content_source_id`) VALUES (29);
INSERT INTO `rss_feed_content_source` (`content_source_id`) VALUES (30);
INSERT INTO `rss_feed_content_source` (`content_source_id`) VALUES (31);
INSERT INTO `rss_feed_content_source` (`content_source_id`) VALUES (32);
INSERT INTO `rss_feed_content_source` (`content_source_id`) VALUES (33);
INSERT INTO `rss_feed_content_source` (`content_source_id`) VALUES (34);
INSERT INTO `rss_feed_content_source` (`content_source_id`) VALUES (35);
INSERT INTO `rss_feed_content_source` (`content_source_id`) VALUES (36);
INSERT INTO `rss_feed_content_source` (`content_source_id`) VALUES (37);
INSERT INTO `rss_feed_content_source` (`content_source_id`) VALUES (38);
INSERT INTO `rss_feed_content_source` (`content_source_id`) VALUES (39);
INSERT INTO `rss_feed_content_source` (`content_source_id`) VALUES (40);
INSERT INTO `rss_feed_content_source` (`content_source_id`) VALUES (41);
INSERT INTO `rss_feed_content_source` (`content_source_id`) VALUES (42);
INSERT INTO `rss_feed_content_source` (`content_source_id`) VALUES (43);
INSERT INTO `rss_feed_content_source` (`content_source_id`) VALUES (44);
INSERT INTO `rss_feed_content_source` (`content_source_id`) VALUES (45);
INSERT INTO `rss_feed_content_source` (`content_source_id`) VALUES (46);
INSERT INTO `rss_feed_content_source` (`content_source_id`) VALUES (47);
INSERT INTO `rss_feed_content_source` (`content_source_id`) VALUES (48);
INSERT INTO `rss_feed_content_source` (`content_source_id`) VALUES (49);
INSERT INTO `rss_feed_content_source` (`content_source_id`) VALUES (50);
INSERT INTO `rss_feed_content_source` (`content_source_id`) VALUES (51);
INSERT INTO `rss_feed_content_source` (`content_source_id`) VALUES (52);


-- test content
INSERT INTO `content` (`id`, `provider_id`, `category_id`, `title`, `locale`, `text`, `publish_date`) VALUES (5601, 9, 3, 'Fünf Formel-1-Rennen vorverschoben', 'de', 'Der Internationale Automobil-Verband beschliesst, fünf Formel-1-Rennen dieses Jahres aus Sicherheitsgründen um eine Stunde vorzuziehen. Grund dafür ist der Unfall von Jules Bianchi.', '2015-01-20 20:31:59');
INSERT INTO `content` (`id`, `provider_id`, `category_id`, `title`, `locale`, `text`, `publish_date`) VALUES (5600, 3, 3, 'Ticker Handball-WM: Deutschland erkämpft unentschieden gegen WM-Zweiten', 'de', 'Nach zwei Siegen zum Auftakt der Handball-WM muss die deutsche Mannschaft jetzt gegen Mitfavorit Dänemark ran. Es könnte bereits um den Gruppensieg gehen. Verfolgen Sie die Partie hier im Live-Ticker.', '2015-01-20 20:33:05');
INSERT INTO `content` (`id`, `provider_id`, `category_id`, `title`, `locale`, `text`, `publish_date`) VALUES (5599, 13, 2, 'Boston hospital shooting: doctor seriously injured and alleged attacker dead', 'en', 'Brigham and Women’s Hospital physician shot twice, official says<br />Suspect found dead of self-inflicted wound in examination roomPolice said a doctor was shot twice at a prestigious Boston hospital before the shooter died of a self-inflicted wound.Boston police commissioner William Evans said the doctor was shot twice and suffered life-threatening injuries. ', '2014-12-16 15:13:53');
INSERT INTO `content` (`id`, `provider_id`, `category_id`, `title`, `locale`, `text`, `publish_date`) VALUES (5598, 13, 2, 'Why Vladimir Putin should be at the Auschwitz memorial ceremony', 'en', 'We should forget neither the Soviet Union’s role in liberating the camps nor its antisemitic blind spotsOn 27 January 1945 a reconnaissance patrol from the Soviet 107th Rifle Division emerged from the snow-laden forest 70km west of Krak&oacute;w. The soldiers were mounted on shaggy ponies, their submachine guns slung across their backs. In front of them stood Auschwitz-Birkenau, the grimmest symbol of modern history. Officers gazed around in disbelief, then called in medical teams to care for the 3,000 sick prisoners left behind.It is a great shame that Vladimir Putin, having not been invited, won’t be present at a memorial ceremony next week to mark the 70th anniversary – at the very least, it would have reminded the world that the&nbsp;advance of Stalin’s Red Army forced the SS to abandon the extermination camps in the east. And yet the muted row over the Russian president’s absence is a reminder that this particular chapter in Russia’s second world war history was, and remains, full of contradictions. ', '2014-12-16 15:13:53');
INSERT INTO `content` (`id`, `provider_id`, `category_id`, `title`, `locale`, `text`, `publish_date`) VALUES (5597, 8, 4, 'Overview: Better but Still Troubled: Our Take on the State of the Union', 'en', 'Demonstrators sat down on a bridge leading to LaGuardia Airport during a protest march last week.  Scores of airport workers gathered to rally in New York and other cities to demand higher wages.', '2015-01-20 20:03:08');
INSERT INTO `content` (`id`, `provider_id`, `category_id`, `title`, `locale`, `text`, `publish_date`) VALUES (5596, 12, 1, 'Schweizer Lobbyoffensive in Brüssel', 'de', 'Bundespräsidentin Simonetta Sommaruga reist am 2. Februar nach Brüssel – um bei der EU für die Schweizer Umsetzung der Zuwanderungsinitiative zu werben.', '2015-01-20 19:28:00');
INSERT INTO `content` (`id`, `provider_id`, `category_id`, `title`, `locale`, `text`, `publish_date`) VALUES (5595, 12, 1, 'SVP im Spagat', 'de', 'Für keine Partei ist es so schwierig, eine einheitliche Position zur Aufhebung der Eurountergrenze zu finden, wie für die SVP.', '2015-01-20 19:26:00');
INSERT INTO `content` (`id`, `provider_id`, `category_id`, `title`, `locale`, `text`, `publish_date`) VALUES (5594, 8, 6, 'In Colorado, Disparity in Health Plan Prices Underscores Ambitions, and Limits, of Affordable Care Act', 'en', 'A Colorado resident, left, speaks with a health care navigator at an enrollment site last November.', '2015-01-19 15:00:22');
INSERT INTO `content` (`id`, `provider_id`, `category_id`, `title`, `locale`, `text`, `publish_date`) VALUES (5593, 8, 6, 'Global Health: Study Suggests Way to Fight Asian Tiger Mosquito', 'en', 'The disease-carrying pest appears to spread along highways in Panama, suggesting that spraying cars and trucks could combat the mosquito.<br /><br /><br /><br /><br /><br /><br />', '2015-01-19 17:32:24');
INSERT INTO `content` (`id`, `provider_id`, `category_id`, `title`, `locale`, `text`, `publish_date`) VALUES (5592, 8, 6, 'The New Old Age: Complexities of Choosing an End Game for Dementia', 'en', 'Jerome Medalie, 88, has an advance directive to not be given “ordinary means of nutrition and hydration” at a certain stage of dementia.', '2015-01-19 18:52:01');
INSERT INTO `content` (`id`, `provider_id`, `category_id`, `title`, `locale`, `text`, `publish_date`) VALUES (5591, 8, 6, 'Hard Cases: Too Close to a Patient for Comfort', 'en', '', '2015-01-19 19:15:21');
INSERT INTO `content` (`id`, `provider_id`, `category_id`, `title`, `locale`, `text`, `publish_date`) VALUES (5590, 8, 6, 'A Lab Is Trying to Keep China From Dodging U.S. Tariffs on Honey', 'en', 'A beekeeper collecting honey near Qinghai Lake in China. Much Chinese honey reaches the U.S. via other countries.', '2015-01-19 19:17:52');
INSERT INTO `content` (`id`, `provider_id`, `category_id`, `title`, `locale`, `text`, `publish_date`) VALUES (5589, 8, 6, 'Raw Data: Random Chance’s Role in Cancer', 'en', '', '2015-01-19 20:01:22');
INSERT INTO `content` (`id`, `provider_id`, `category_id`, `title`, `locale`, `text`, `publish_date`) VALUES (5588, 8, 6, 'Take a Number: Millennials Set to Outnumber Baby Boomers', 'en', 'The total of millennials — those born from 1981 to 1997 — will reach 75.3 million, overtaking baby boomers (1946 to 1964) as the United States’ largest living generation.<br /><br /><br /><br /><br /><br /><br />', '2015-01-19 21:08:26');
INSERT INTO `content` (`id`, `provider_id`, `category_id`, `title`, `locale`, `text`, `publish_date`) VALUES (5587, 8, 6, 'Books: Donald Hall’s Frank Collection of Essays About the Tarnish of the Golden Years', 'en', '', '2015-01-19 21:27:44');
INSERT INTO `content` (`id`, `provider_id`, `category_id`, `title`, `locale`, `text`, `publish_date`) VALUES (5586, 8, 6, 'Reactions: Your Letters: Medical School Naming, Ocean Life and Constipation', 'en', 'Letters to the Editor.<br /><br /><br /><br /><br /><br /><br />', '2015-01-19 21:44:54');
INSERT INTO `content` (`id`, `provider_id`, `category_id`, `title`, `locale`, `text`, `publish_date`) VALUES (5585, 8, 6, 'Well: Writing Your Way to Happiness', 'en', '', '2015-01-19 23:31:49');
INSERT INTO `content` (`id`, `provider_id`, `category_id`, `title`, `locale`, `text`, `publish_date`) VALUES (5584, 8, 6, 'Roka Journal: Shock and Anger in Cambodian Village Struck With H.I.V.', 'en', 'A woman prepared medicine for her mother in Roka, western Cambodia, a farming village where more than 200 people have tested positive for H.I.V.', '2015-01-20 00:30:26');
INSERT INTO `content` (`id`, `provider_id`, `category_id`, `title`, `locale`, `text`, `publish_date`) VALUES (5583, 8, 6, 'Business Briefing: European Union Approves Hepatitis C Treatment', 'en', 'The drug maker AbbVie said that its new, all-pill hepatitis C combo treatment had been approved for patients in the 28 European Union member countries.<br />', '2015-01-20 03:06:06');
INSERT INTO `content` (`id`, `provider_id`, `category_id`, `title`, `locale`, `text`, `publish_date`) VALUES (5582, 8, 6, 'World Briefing: China: W.H.O. Reports 3 Deaths Among Bird Flu Cases in Humans', 'en', 'The deaths were among serious cases of H7N9 avian flu in humans confirmed by China, the World Health Organization reported Monday.<br /><br /><br /><br /><br /><br /><br />', '2015-01-20 03:50:47');
INSERT INTO `content` (`id`, `provider_id`, `category_id`, `title`, `locale`, `text`, `publish_date`) VALUES (5581, 8, 6, 'World Briefing: Guinea: Schools Reopen as Ebola Ebbs', 'en', 'Schools closed during the Ebola crisis began reopening Monday, but many parents were still too afraid to send their children to classes.<br /><br /><br /><br /><br /><br /><br />', '2015-01-20 03:51:31');
INSERT INTO `content` (`id`, `provider_id`, `category_id`, `title`, `locale`, `text`, `publish_date`) VALUES (5580, 8, 6, 'Recipient of Artificial Heart Goes Home', 'en', ' Alain F. Carpentier, the French surgeon who invented the artificial heart, holding a valve that is part of the device.', '2015-01-20 15:38:50');
INSERT INTO `content` (`id`, `provider_id`, `category_id`, `title`, `locale`, `text`, `publish_date`) VALUES (5579, 8, 6, 'Well: Blueberries May Lower Blood Pressure', 'en', '', '2015-01-20 17:28:46');
INSERT INTO `content` (`id`, `provider_id`, `category_id`, `title`, `locale`, `text`, `publish_date`) VALUES (5578, 8, 6, 'Ask Well: Is Rebounding Good Exercise?', 'en', '', '2015-01-20 17:32:10');
INSERT INTO `content` (`id`, `provider_id`, `category_id`, `title`, `locale`, `text`, `publish_date`) VALUES (5577, 8, 6, 'Personal Health: Advice From ‘America’s Worst Mom’', 'en', '', '2015-01-20 17:33:26');
INSERT INTO `content` (`id`, `provider_id`, `category_id`, `title`, `locale`, `text`, `publish_date`) VALUES (5576, 8, 6, 'Well: How Vitamin D May Fight Colon Cancer', 'en', '', '2015-01-20 18:13:01');
INSERT INTO `content` (`id`, `provider_id`, `category_id`, `title`, `locale`, `text`, `publish_date`) VALUES (5575, 8, 6, 'Animal Welfare at Risk in Experiments for Meat Industry', 'en', 'Cattle dot the pastures at the U.S. Meat Animal Research Center in southern Nebraska, along with bunkers that once stored ammunition for World War II.', '2015-01-20 18:34:12');
INSERT INTO `content` (`id`, `provider_id`, `category_id`, `title`, `locale`, `text`, `publish_date`) VALUES (5574, 3, 4, 'Rezessionsgefahr: Russische Krise springt auf die Nachbarstaaten über', 'de', 'Die enge wirtschaftliche Bindung an das schwächelnde Russland macht  Nachbarstaaten zu schaffen - sie leben zum Gutteil von Überweisungen ihrer Gastarbeiter in Putins Reich. Verarmt eine ganze Region?', '2015-01-20 20:18:23');
INSERT INTO `content` (`id`, `provider_id`, `category_id`, `title`, `locale`, `text`, `publish_date`) VALUES (5573, 3, 3, 'Ticker Handball-WM: Deutschland und Dänemark kämpfen verbittert weiter', 'de', 'Nach zwei Siegen zum Auftakt der Handball-WM muss die deutsche Mannschaft jetzt gegen Mitfavorit Dänemark ran. Es könnte bereits um den Gruppensieg gehen. Verfolgen Sie die Partie hier im Live-Ticker.', '2015-01-20 20:24:39');
INSERT INTO `content` (`id`, `provider_id`, `category_id`, `title`, `locale`, `text`, `publish_date`) VALUES (5572, 2, 3, 'Frey im Spital von Lille: «Ich komme stärker zurück»', 'de', 'Pech für Neo-Nati-Spieler Michael Frey: Knöchelbruch in Lorient! Frey verspricht: «Ich nehme diese Verletzung als Chance.»', '2015-01-20 20:15:00');
INSERT INTO `content` (`id`, `provider_id`, `category_id`, `title`, `locale`, `text`, `publish_date`) VALUES (5571, 4, 5, 'YouTube\'s first Super Bowl halftime show may beat what\'s on TV', 'en', 'If you\'ve seen enough Super Bowls, you know that the halftime show is usually your cue to step away from the TV -- unless you really like aging rock bands and lipsyncing pop stars, that is. YouTube is clearly aware that a lot of people tune out, as i...', '2015-01-20 02:04:00');
INSERT INTO `content` (`id`, `provider_id`, `category_id`, `title`, `locale`, `text`, `publish_date`) VALUES (5570, 4, 5, 'Braille for the mouth could help deaf people hear', 'en', 'The one thing that every technologist shares is the desire to solve a problem, and there are several as-yet unsolved issues that relate to disability. It\'s not all bad news, however, since in the last few months we\'ve seen inventions that help the bl...', '2015-01-20 03:59:00');
INSERT INTO `content` (`id`, `provider_id`, `category_id`, `title`, `locale`, `text`, `publish_date`) VALUES (5569, 4, 5, 'Los Angeles\' subway is getting cellphone service and WiFi', 'en', 'A few cities in the US have wireless service in their subway systems, but not Los Angeles. Take a trip to Wilshire Boulevard, for example, and you\'ll stay incommunicado until you\'re back above ground. You won\'t be out of touch for too much longer, th...', '2015-01-20 06:01:00');
INSERT INTO `content` (`id`, `provider_id`, `category_id`, `title`, `locale`, `text`, `publish_date`) VALUES (5568, 4, 5, 'UK spies collected journalists\' email as part of a test', 'en', 'Want to know why many people don\'t like it when governments call for an end to encrypted communication? Here\'s why. A new round of Edward Snowden leaks at The Guardian has revealed that the intelligence agents at Britain\'s GCHQ collected email from m...', '2015-01-20 08:09:00');
INSERT INTO `content` (`id`, `provider_id`, `category_id`, `title`, `locale`, `text`, `publish_date`) VALUES (5567, 4, 5, 'Marriott plans to bring Netflix to your hotel room TV', 'en', 'The next time you\'re on a trip, you may have something to watch on the hotel room TV besides the usual so-so channels and on-demand movies. Marriott has confirmed to Bloomberg that it\'s trialing access to streaming services like Hulu, Netflix and Pan...', '2015-01-20 08:40:00');
INSERT INTO `content` (`id`, `provider_id`, `category_id`, `title`, `locale`, `text`, `publish_date`) VALUES (5566, 4, 5, 'Instant replay inventor Tony Verna dies at 81', 'en', 'TV instant replay helped drive football to the throne of US sports, and its inventor, CBS Sports Director Tony Verna, has died at 81. Verna was a brash 30-year-old when he first tried the tech in a 1963 Army/Navy football game, but was only able to u...', '2015-01-20 10:12:00');
INSERT INTO `content` (`id`, `provider_id`, `category_id`, `title`, `locale`, `text`, `publish_date`) VALUES (5565, 4, 5, 'Sky will soon switch on adult broadband filters for indecisive customers', 'en', 'As part of David Cameron\'s plan to protect young internet users, broadband providers have been forced to offer an "unavoidable choice." This impels new subscribers to decide whether they want to enable or disable blocks on adult content. However, UK ...', '2015-01-20 11:02:00');
INSERT INTO `content` (`id`, `provider_id`, `category_id`, `title`, `locale`, `text`, `publish_date`) VALUES (5564, 4, 5, 'The Club Nintendo rewards program is closing down', 'en', 'Club Nintendo is closing down. What\'s Club Nintendo, you ask? That\'s probably why it\'s closing. The rewards program has been running since 2007, but outside of Japan it\'s never really captured the public\'s attention. It offers "Coins" (or "Stars," "S...', '2015-01-20 11:54:00');
INSERT INTO `content` (`id`, `provider_id`, `category_id`, `title`, `locale`, `text`, `publish_date`) VALUES (5563, 4, 5, 'If Spotify was an \'80s record store, it might\'ve looked something like this', 'en', 'Have you ever wondered what a Spotify record store would\'ve looked like in the \'80s, or a Now TV-branded video rental chain? Me neither, to be honest, but that didn\'t stop Vodafone from including these fantasy locations in its retro-inspired "1984G S...', '2015-01-20 12:00:00');
INSERT INTO `content` (`id`, `provider_id`, `category_id`, `title`, `locale`, `text`, `publish_date`) VALUES (5562, 4, 5, 'Please don\'t use these passwords. Sincerely, the Internet', 'en', 'You may have protected your personal data with strong passwords, but when hackers seize control of other computers, the resulting "botnets" can cause plenty of collateral damage. The depressing part is that one of the biggest holes is the easiest to ...', '2015-01-20 13:34:00');
INSERT INTO `content` (`id`, `provider_id`, `category_id`, `title`, `locale`, `text`, `publish_date`) VALUES (5561, 4, 5, 'The FDA will regulate wearables making health claims', 'en', 'Everyone loves the idea of strapping a smartwatch to their wrist and using it to get a bit healthier, but there\'s a fine line between casual wearables and serious medical devices. It\'s an important distinction, since while the former can be sold with...', '2015-01-20 14:14:00');
INSERT INTO `content` (`id`, `provider_id`, `category_id`, `title`, `locale`, `text`, `publish_date`) VALUES (5560, 4, 5, 'Steam\'s answer to Twitch game streaming is now live', 'en', 'Valve is now letting its millions of Steam users stream their games to the world. Steam Broadcasting, the company\'s answer to the wildly popular Twitch, was announced back in December and has been included in beta clients since, but today Valve has a...', '2015-01-20 14:39:00');
INSERT INTO `content` (`id`, `provider_id`, `category_id`, `title`, `locale`, `text`, `publish_date`) VALUES (5559, 4, 5, 'UK minister calls for Netflix to offer the same content when Brits travel abroad', 'en', 'At the moment, if you travel abroad and open up the Netflix app you\'ll notice that its library of films and TV shows is vastly different. That\'s because the company has cut a variety of agreements with rights holders in different countries, which res...', '2015-01-20 14:50:00');
INSERT INTO `content` (`id`, `provider_id`, `category_id`, `title`, `locale`, `text`, `publish_date`) VALUES (5558, 4, 5, 'Peoplekeeper judges your friends so you don\'t have to', 'en', 'One episode of beloved sitcom Community features a pair of developers who build an app that enables people to give their human interactions a score out of five. In the show, the idea quickly turns dystopian, but is there something in the idea that an...', '2015-01-20 15:00:00');
INSERT INTO `content` (`id`, `provider_id`, `category_id`, `title`, `locale`, `text`, `publish_date`) VALUES (5557, 4, 5, 'Why is an opera singer going to the ISS?', 'en', 'It\'s been a weird life for Sarah Brightman, starting out as a dancer before recording one-hit wonder I Lost My Heart to a Starship Trooper, later reinventing herself as a classical soprano. Now, if you recognize the name, it\'s probably because she sa...', '2015-01-20 15:58:00');
INSERT INTO `content` (`id`, `provider_id`, `category_id`, `title`, `locale`, `text`, `publish_date`) VALUES (5556, 4, 5, '\'Borderlands\' on PS4 and Xbox One comes in a $399 edition with a robot', 'en', 'No, the trend of recycling games for modern consoles isn\'t over yet -- if anything, it\'s gathering steam. Gearbox and 2K have unveiled Borderlands: The Handsome Collection, a bundle that spruces up both Borderlands 2 and Borderlands: The Pre-Sequel (...', '2015-01-20 16:31:00');
INSERT INTO `content` (`id`, `provider_id`, `category_id`, `title`, `locale`, `text`, `publish_date`) VALUES (5555, 4, 5, 'HTC\'s next flagship appears to flaunt 20MP camera in leaked shots', 'en', 'Leak happens, and poor HTC might have just become the first victim out of the MWC lot this year. What we\'re looking at here are two alleged spyshots of the company\'s upcoming flagship, the "Hima" aka "M9," courtesy of Nowhereelse.fr, who has since re...', '2015-01-20 16:42:00');
INSERT INTO `content` (`id`, `provider_id`, `category_id`, `title`, `locale`, `text`, `publish_date`) VALUES (5554, 4, 5, 'Engadget giveaway: win an AIRA TR-8 Rhythm Performer courtesy of Roland!', 'en', 'Think you have what it takes to be the next hot producer? Who cares? You should explore your musical side, craft some homebrew rhythms and enjoy the ride. This could be the year for you to start building beats, too, because Roland has graciously offe...', '2015-01-20 17:00:00');
INSERT INTO `content` (`id`, `provider_id`, `category_id`, `title`, `locale`, `text`, `publish_date`) VALUES (5553, 4, 5, 'Panasonic\'s mirrorless GF7 gets classic looks, trendy selfie features', 'en', 'If you just can\'t get enough of you, Panasonic has joined the recent parade mirrorless cameras marketed at selfie photographers. The Lumix GF7\'s Micro Four Thirds, 16-megapixel sensor will give you much nicer shots than your smartphone ever could wit...', '2015-01-20 17:32:00');
INSERT INTO `content` (`id`, `provider_id`, `category_id`, `title`, `locale`, `text`, `publish_date`) VALUES (5552, 4, 5, 'Starbucks adding wireless charging points to UK stores, starting with London', 'en', 'Starbucks is best known for its freshly brewed coffee, but today the company\'s announced it\'s going to begin serving customers an entirely different kind of perk. Just as McDonald\'s is adding wireless charging points to its fast-food spots, Starbucks...', '2015-01-20 17:43:00');
INSERT INTO `content` (`id`, `provider_id`, `category_id`, `title`, `locale`, `text`, `publish_date`) VALUES (5551, 4, 5, 'Ubuntu Linux is now ready to power your appliances and robots', 'en', 'Ubuntu Linux has spread to quite a few platforms in its 10-year history, if not always successfully. Today, though, the open source software is tackling what could be its greatest challenge yet: the internet of things. Canonical has released a versio...', '2015-01-20 18:07:00');
INSERT INTO `content` (`id`, `provider_id`, `category_id`, `title`, `locale`, `text`, `publish_date`) VALUES (5550, 4, 5, 'HP\'s convertible Elite X2 and latest tablets are built for tough work', 'en', 'HP is refreshing a slew of its high end mobile devices with upgrades that make them even more compelling for businesses -- and that\'s good news for consumers, as well. We got our first look at the new Android-powered Pro Slate 8 and Pro Slate 12 tabl...', '2015-01-20 18:44:00');
INSERT INTO `content` (`id`, `provider_id`, `category_id`, `title`, `locale`, `text`, `publish_date`) VALUES (5549, 4, 5, 'Super Bowl XLIX to be livestreamed by NBC', 'en', 'In what has become a tradition since 2012, the Super Bowl will be streamed online again this year. The kind gesture, which is free of charge to anyone in the US, comes courtesy of NBC -- the network that started the trend of livestreaming The Big Gam...', '2015-01-20 19:16:00');
INSERT INTO `content` (`id`, `provider_id`, `category_id`, `title`, `locale`, `text`, `publish_date`) VALUES (5548, 4, 5, '\'Powers,\' the first PlayStation TV show launches on March 10th', 'en', 'When Powers failed to materialize on Sony\'s PlayStation Network back in December, you were probably distracted by the company\'s other, more high-profile catastrophes. Now that some of the dust has settled, however, series creator Brian Michael Bendis...', '2015-01-20 19:49:00');
INSERT INTO `content` (`id`, `provider_id`, `category_id`, `title`, `locale`, `text`, `publish_date`) VALUES (5547, 4, 5, 'What to expect from Microsoft\'s next Windows 10 event', 'en', 'After taking big swings with Windows 8 and 8.1 -- how big a miss they were is open to interpretation -- Microsoft\'s trying to redefine how we work with computers once more. We\'re going to get a much closer look at Windows 10 at 9AM PT/12PM ET tomorro...', '2015-01-20 20:15:00');
INSERT INTO `content` (`id`, `provider_id`, `category_id`, `title`, `locale`, `text`, `publish_date`) VALUES (5546, 6, 5, 'Snowden-Unterlagen: NSA entwickelt Bios-Trojaner und Netzwerk-Killswitch', 'de', 'Beim Angriff auf kritische Infrastruktur für die digitale Kriegsführung setzt der US-Geheimdienst NSA auch auf Manipulation von Hardware auf technisch niedrigster Ebene. Die Agenten arbeiten seit Jahren an Software, die Festplatten, SSDs und Mainboards direkt infizieren kann. (NSA, Datenschutz) <br /><br />', '2015-01-19 11:47:00');
INSERT INTO `content` (`id`, `provider_id`, `category_id`, `title`, `locale`, `text`, `publish_date`) VALUES (5545, 6, 5, 'Battlefleet Gothic Armada: Echtzeitstrategie auf Basis der Unreal Engine 4', 'de', 'Kilometerlange Schlachtschiffe, schnelle Fregatten und andere Raumschiffe soll man in Battlefleet Gothic Armada im All steuern können. Das Echtzeit-Strategiespiel basiert auf einem Tabletop von Games Workshop. (Strategiespiel, Games) <br /><br />', '2015-01-19 11:49:00');
INSERT INTO `content` (`id`, `provider_id`, `category_id`, `title`, `locale`, `text`, `publish_date`) VALUES (5544, 6, 5, 'Energiespeicher: Frittiertes Graphen verbessert Akkus', 'de', 'Puschelartige Strukturen aus Graphen sollen laut südkoreanischen Wissenschaftlern bessere Energiespeicher ermöglichen. Erzeugt werden die Mikrokugeln in einer Art Fritteuse. (Akku, Graphen) <br /><br />', '2015-01-19 12:00:00');
INSERT INTO `content` (`id`, `provider_id`, `category_id`, `title`, `locale`, `text`, `publish_date`) VALUES (5543, 6, 5, 'Asus Eeebook X205TA im Test: Die gelungene Rückkehr des Netbooks', 'de', 'Klein, leicht und 220 Euro günstig: Das X205TA ist ein klassisches Netbook, wie es sie heute kaum noch gibt. Zwar drosselt Asus die Geschwindigkeit, dafür ist die Akkulaufzeit dank extrem niedriger Leistungsaufnahme äußerst lang. (Eee-PC, Asus) <br /><br />', '2015-01-19 12:03:00');
INSERT INTO `content` (`id`, `provider_id`, `category_id`, `title`, `locale`, `text`, `publish_date`) VALUES (5542, 6, 5, 'Virtual Reality: Facebook sucht Oculus-Experten', 'de', 'Facebook hat eine Job-Offensive gestartet. Derzeit sucht das Unternehmen 1.200 neue Mitarbeiter. Viele davon in den Bereichen Software-Entwicklung und Virtual Reality. (Oculus Rift, Google) <br /><br />', '2015-01-19 12:08:00');
INSERT INTO `content` (`id`, `provider_id`, `category_id`, `title`, `locale`, `text`, `publish_date`) VALUES (5541, 6, 5, 'Streaming: Anwälte verzeichnen viele Abmahnungen zu Popcorn Time', 'de', 'In Deutschland lässt die Filmindustrie immer stärker wegen Popcorn Time abmahnen. Durchschnittlich fordern die Münchener Anwälte Waldorf Frommer 815 Euro von den Nutzern, die oft meinen, sie würden streamen. (Streaming, Bittorrent) <br /><br />', '2015-01-19 12:16:00');
INSERT INTO `content` (`id`, `provider_id`, `category_id`, `title`, `locale`, `text`, `publish_date`) VALUES (5540, 6, 5, '2014: E-Sportler erspielen über 35 Millionen US-Dollar Preisgeld', 'de', 'Im vergangenen Jahr haben E-Sportler mehr als 35 Millionen US-Dollar Preisgeld erspielt. Top-Verdiener sind die fünf Chinesen des Team Newbee, die das Dota-2-Turnier The International gewannen. (E-Sport, Starcraft) <br /><br />', '2015-01-19 13:54:00');
INSERT INTO `content` (`id`, `provider_id`, `category_id`, `title`, `locale`, `text`, `publish_date`) VALUES (5539, 6, 5, 'Init-System: Linux Mint verzichtet noch auf Systemd', 'de', 'Das Team von Linux Mint wird Systemd vorerst nicht als Standard integrieren. Zwar arbeiten Debian und Ubuntu bereits daran, Linux Mint soll aber nur langsam folgen. Zuerst soll der Desktop portiert werden. (Linux Mint, Linux) <br /><br />', '2015-01-19 14:11:00');
INSERT INTO `content` (`id`, `provider_id`, `category_id`, `title`, `locale`, `text`, `publish_date`) VALUES (5538, 6, 5, 'Anwalt: Massenhafte Handy-Beschlagnahmung war wohl rechtswidrig', 'de', 'Aus einem Polizeikessel in Leipzig kam nur heraus, wer sein Smartphone beschlagnahmen ließ. Laut einem Anwalt spricht vieles für die Unverhältnismäßigkeit und Rechtswidrigkeit der Maßnahme, bei der Bilder und Videos gesucht wurden. (Vorratsdatenspeicherung, Smartphone) <br /><br />', '2015-01-19 14:19:00');
INSERT INTO `content` (`id`, `provider_id`, `category_id`, `title`, `locale`, `text`, `publish_date`) VALUES (5537, 6, 5, 'Civilization: Sid Meier\'s Starships bringt Bastel-Raumschiffe', 'de', 'Civilization: Beyond Earth ließ erweiterte Konfigurationsmöglichkeiten für Einheiten vermissen. Sid Meier\'s Starships soll dieses fehlende Feature in den Fokus stellen und ist Erweiterung und neues Spiel zugleich. (Civilization, Computer) <br /><br />', '2015-01-19 15:37:00');
INSERT INTO `content` (`id`, `provider_id`, `category_id`, `title`, `locale`, `text`, `publish_date`) VALUES (5536, 6, 5, 'Dual-Monitor-Betrieb: VGA-Anschluss für Plus-Modelle des Raspberry Pi', 'de', 'Für die aktuellen Modelle des Raspberry Pi steht ein kostengünstiger VGA-Anschluss bereit. Dieser ermöglicht einen einfachen Dual-Monitor-Betrieb oder den Verzicht auf teurere Adapterlösungen. (Raspberry Pi, HDMI) <br /><br />', '2015-01-19 16:23:00');
INSERT INTO `content` (`id`, `provider_id`, `category_id`, `title`, `locale`, `text`, `publish_date`) VALUES (5535, 6, 5, 'Amazon Original Movies: Amazon will eigene Kinofilme kurz nach der Premiere streamen', 'de', 'Amazon plant die Produktion eigener Kinofilme und will dabei mit den Gepflogenheiten der Branche brechen: Kurze Zeit nach der Kinopremiere sollen sie auch auf Amazon Prime zum Streaming verfügbar sein. (Amazon, Film) <br /><br />', '2015-01-19 17:01:00');
INSERT INTO `content` (`id`, `provider_id`, `category_id`, `title`, `locale`, `text`, `publish_date`) VALUES (5534, 6, 5, 'Timotheus Höttges: Telekom will 23,5 Milliarden Euro für Netzausbau ausgeben', 'de', 'Der Deutsche-Telekom-Chef will 23,5 Milliarden Euro für den Ausbau von Festnetz und Mobilfunknetz in Deutschland ausgeben. "Wir können nicht zu investieren beginnen und dann plötzlich aufhören", sagt Höttges. (Datenschutz, Telekom) <br /><br />', '2015-01-19 17:29:00');
INSERT INTO `content` (`id`, `provider_id`, `category_id`, `title`, `locale`, `text`, `publish_date`) VALUES (5533, 6, 5, 'Xeon: Neue Haswells für Vier-Sockel-Systeme', 'de', 'Intel hat in seine Dokumentation der Haswell-Xeons zehn neue Modelle der Reihe 4600 v3 aufgenommen. Sie eignen sich nicht wie die Serie 2600 v3 für nur zwei, sondern gleich für vier Sockel. Die CPUs wollen aber gut gewählt sein, wenn man sie stets mit AVX2-Befehlen betreibt. (Xeon, Prozessor) <br /><br />', '2015-01-19 18:27:00');
INSERT INTO `content` (`id`, `provider_id`, `category_id`, `title`, `locale`, `text`, `publish_date`) VALUES (5532, 6, 5, 'SpaceX: Google will bei Elon Musks Satelliten-Internet einsteigen', 'de', 'Google ist angeblich kurz davor, massiv in den Raketenhersteller SpaceX zu investieren, um beim geplanten Satelliten-Internet von Elon Musk dabei zu sein. Auch die Konkurrenz schläft nicht. Schweben bald Hunderte neue Satelliten im Orbit? (Satelliteninternet, Google) <br /><br />', '2015-01-19 21:48:00');
INSERT INTO `content` (`id`, `provider_id`, `category_id`, `title`, `locale`, `text`, `publish_date`) VALUES (5531, 6, 5, 'Apple: Jailbreak für iOS 8.1.2 unter OS X ist da', 'de', 'Nach langer Wartezeit ist nach einem Windows-basierten Jailbreak für Apples aktuelles iOS 8.1.2 nun auch eine Variante für OS X veröffentlicht worden. Der Jailbreak soll mit allen aktuellen Geräten funktionieren, stammt jedoch nicht von den bekannten Gruppen Taig oder Pangu. (Jailbreak, Apple) <br /><br />', '2015-01-20 07:21:00');
INSERT INTO `content` (`id`, `provider_id`, `category_id`, `title`, `locale`, `text`, `publish_date`) VALUES (5530, 6, 5, 'Techcrunch: Entlassungen und Schließungen bei AOL', 'de', 'Das Internet-Medienunternehmen AOL entlässt offenbar Beschäftigte und schließt Webseiten. Die bekanntesten Titel von AOL sind Huffington Post, Techcrunch und Engadget. (AOL, Onlinewerbung) <br /><br />', '2015-01-20 07:27:00');
INSERT INTO `content` (`id`, `provider_id`, `category_id`, `title`, `locale`, `text`, `publish_date`) VALUES (5529, 6, 5, 'Macbook Pro: Irreparable Fleckenbildung bei Retina-Displays', 'de', 'Das glänzende Retina-Display des Macbook Pro hat bei einigen Anwendern Flecken entwickelt, die sich nicht wegputzen lassen. Eventuell ist die Oberflächenbeschichtung zu empfindlich. Beschwerden einzelner Betroffener wurden von Apple zurückgewiesen, doch so einfach geht das nicht. (Retina-Display, Display) <br /><br />', '2015-01-20 07:46:00');
INSERT INTO `content` (`id`, `provider_id`, `category_id`, `title`, `locale`, `text`, `publish_date`) VALUES (5528, 6, 5, 'HTC: Neues One-Smartphone und erste Smartwatch im März', 'de', 'HTC hat sich für den diesjährigen Mobile World Congress viel vorgenommen: Neben einem Nachfolger des Topsmartphones One (M8) wird HTCs erste Smartwatch erwartet. (HTC, Smartphone) <br /><br />', '2015-01-20 08:41:00');
INSERT INTO `content` (`id`, `provider_id`, `category_id`, `title`, `locale`, `text`, `publish_date`) VALUES (5527, 6, 5, 'Verschlüsselung: Neue Angriffe auf RC4', 'de', 'Zwei Forscherteams kündigen unabhängig voneinander an, bald neue Angriffe gegen den RC4-Verschlüsselungsalgorithmus vorzustellen. Knapp ein Prozent der Webserver setzt immer noch ausschließlich auf RC4. (SSL, Technologie) <br /><br />', '2015-01-20 08:55:00');
INSERT INTO `content` (`id`, `provider_id`, `category_id`, `title`, `locale`, `text`, `publish_date`) VALUES (5526, 6, 5, 'Xeon E5-2400 v3: 10-Kern-Haswell erscheint für drei Jahre alten Sockel', 'de', 'Eine aktuelle CPU-Architektur für eine Plattform von 2012, die noch DDR3-Arbeitsspeicher nutzt: Intels Xeon E5-2400 v3 alias Haswell-EN füllen die Lücke zwischen 4-Kern- und 72-Kern-Systemen. (Haswell, Prozessor) <br /><br />', '2015-01-20 09:39:00');
INSERT INTO `content` (`id`, `provider_id`, `category_id`, `title`, `locale`, `text`, `publish_date`) VALUES (5525, 6, 5, 'Display mit doppelter Biegung: Samsung plant eine Edge-Variante des Galaxy S6', 'de', 'An zwei Seiten gebogen: So wird das Display in der geplanten Edge-Variante des Galaxy S6 aussehen. Das normale Galaxy S6 von Samsung wird vermutlich ohne Displaybiegungen auskommen. (Galaxy S6, Smartphone) <br /><br />', '2015-01-20 10:02:00');
INSERT INTO `content` (`id`, `provider_id`, `category_id`, `title`, `locale`, `text`, `publish_date`) VALUES (5524, 6, 5, 'Reform des Urheberrechts: Piratin veröffentlicht Liste aller Lobby-Anfragen', 'de', 'Julia Reda, Abgeordnete der Piratenpartei, ist Berichterstatterin für die Reform des europäischen Urheberrechts und präsentiert ihre Vorschläge. Dafür hat sie mit mehr als 80 Lobbyisten gesprochen - mit wem genau, hat sie nun öffentlich gemacht. (Piratenpartei, Internet) <br /><br />', '2015-01-20 10:32:00');
INSERT INTO `content` (`id`, `provider_id`, `category_id`, `title`, `locale`, `text`, `publish_date`) VALUES (5523, 6, 5, 'Aus für Club Nintendo: Sterne sind bald nichts mehr wert', 'de', 'Schluss mit dem Tausch von Sternen gegen exklusive Sammlereditionen: Nintendo wird das Loyalitätsprogramm Club Nintendo nicht weiterführen. Noch in diesem Jahr wollen die Japaner aber einen Ersatz für treue Fans vorstellen. (Nintendo, Wii) <br /><br />', '2015-01-20 11:39:00');
INSERT INTO `content` (`id`, `provider_id`, `category_id`, `title`, `locale`, `text`, `publish_date`) VALUES (5522, 6, 5, 'F-Secure: Bios-Trojaner aufzuspüren, ist "fast aussichtslos"', 'de', 'Weil die Antivirenhersteller keine Muster von Regierungs-Malware haben, die PC-Komponenten auf Firmware-Ebene infiziert, können sie diese kaum entdecken. Mikko Hypponen von F-Secure sieht vor allem die Hardwarehersteller in der Pflicht. (Cebit 2014, Virus) <br /><br />', '2015-01-20 11:52:00');
INSERT INTO `content` (`id`, `provider_id`, `category_id`, `title`, `locale`, `text`, `publish_date`) VALUES (5521, 6, 5, 'Microsoft: Windows 8.1 with Bing nicht für alle Tablets kostenlos', 'de', 'Microsoft hat erstmals Zahlen zu den Kosten für Windows 8.1 with Bing enthüllt. Tablethersteller bekommen die spezielle Version nicht immer gratis. Microsofts Office 365 kostet aber keinen Aufpreis. (Windows 8.1, Microsoft) <br /><br />', '2015-01-20 11:57:00');
INSERT INTO `content` (`id`, `provider_id`, `category_id`, `title`, `locale`, `text`, `publish_date`) VALUES (5520, 6, 5, 'Überwachung: US-Polizisten schauen per Radar in Wohnungen', 'de', 'Einige US-Strafverfolgungseinheiten haben Radargeräte, mit denen sie durch Mauern hindurch feststellen können, ob sich Menschen in einem Gebäude aufhalten. Sie werden meist im Geheimen eingesetzt. Bürgerrechtler und Richter kritisieren den Eingriff in die Privatsphäre. (Überwachung, Technologie) <br /><br />', '2015-01-20 12:01:00');
INSERT INTO `content` (`id`, `provider_id`, `category_id`, `title`, `locale`, `text`, `publish_date`) VALUES (5519, 6, 5, 'Zu viele Krisen: Unions-Obmann im NSA-Ausschuss hört auf', 'de', 'Zum zweiten Mal wirft ein Unions-Politiker im NSA-Ausschuss hin. Kiesewetter hatte zuletzt mit merkwürdigen Twitter-Äußerungen Aufsehen erregt und die Arbeit der Geheimdienste stets vehement verteidigt. (NSA, Internet) <br /><br />', '2015-01-20 12:06:00');
INSERT INTO `content` (`id`, `provider_id`, `category_id`, `title`, `locale`, `text`, `publish_date`) VALUES (5518, 6, 5, 'Samsung Gear VR im Test: Ich liebe das umschnallbare Heimkino!', 'de', 'Obwohl es nur ein Head-mounted Smartphone ist, bietet Samsungs Gear VR das bessere VR-Erlebnis als Oculus\' Rift Dev Kit 2. Technische Schwachpunkte gibt es, auch bei den wenigen Apps stört, dass sich Entwickler Oculus nicht an die eigenen Regeln hält. (Gear VR, OLED) <br /><br />', '2015-01-20 12:10:00');
INSERT INTO `content` (`id`, `provider_id`, `category_id`, `title`, `locale`, `text`, `publish_date`) VALUES (5517, 6, 5, 'Libavcodec: Fehler ermöglichen Codeausführung in VLC-Codecbibliothek', 'de', 'Speziell präparierte Videodateien können zur Codeausführung unter anderem in VLC genutzt werden. Dessen Entwickler verhalten sich aber zurückhaltend, zudem werfen die Berichte einige Fragen auf. (Sicherheitslücke, Video-Codec) <br /><br />', '2015-01-20 12:34:00');
INSERT INTO `content` (`id`, `provider_id`, `category_id`, `title`, `locale`, `text`, `publish_date`) VALUES (5516, 6, 5, 'Europäisches Leistungsschutzrecht: Oettinger droht wieder mit der Google-Steuer', 'de', 'EU-Digitalkommissar Oettinger laviert weiter in Sachen Leistungsschutzrecht. Zudem soll das laufende Wettbewerbsverfahren gegen Google bis zum Sommer entschieden werden. (Leistungsschutzrecht, Urheberrecht) <br /><br />', '2015-01-20 13:30:00');
INSERT INTO `content` (`id`, `provider_id`, `category_id`, `title`, `locale`, `text`, `publish_date`) VALUES (5515, 6, 5, 'Display-Server: Volle Wayland-Unterstützung für Gnome noch dieses Jahr', 'de', 'Bis Ende des Jahres soll sich Gnome unter Wayland genauso gut benutzen lassen wie mit dem X-Server. Dafür hat sich das Team viel vorgenommen und braucht vor allem eine größere Testbasis. (Gnome, Fedora) <br /><br />', '2015-01-20 14:01:00');
INSERT INTO `content` (`id`, `provider_id`, `category_id`, `title`, `locale`, `text`, `publish_date`) VALUES (5514, 6, 5, 'LTE-Nachfolger: Huawei zeigt sein erstes 5G-Handy', 'de', 'Huawei hat ein erstes, kühlschrankgroßes Mobiltelefon für den LTE-Nachfolgestandard 5G fertiggestellt. Noch in diesem Jahr sollen die ersten Modelle in der Größe eines Schuhkartons folgen. (Mobilfunk, Huawei) <br /><br />', '2015-01-20 14:19:00');
INSERT INTO `content` (`id`, `provider_id`, `category_id`, `title`, `locale`, `text`, `publish_date`) VALUES (5513, 6, 5, 'Lollipop: Android 5.0.2 für drei Nexus-Tablets', 'de', 'Für drei Nexus-Tablets hat Google mit der Verteilung von Android 5.0.2 begonnen. Das Update beseitigt lästige Fehler in Lollipop und wird in Kürze für weitere Nexus-Geräte erwartet. (Android 5.0, Google) <br /><br />', '2015-01-20 14:28:00');
INSERT INTO `content` (`id`, `provider_id`, `category_id`, `title`, `locale`, `text`, `publish_date`) VALUES (5512, 6, 5, 'Mehr Star Wars: Digitale Premieren für galaktische Schlachtfelder', 'de', 'Auf Gog.com sind seit heute sechs weitere Star-Wars-Spiele erhältlich, drei davon erstmals in Form eines digitalen Downloads. Spieler können zwischen einem Rollenspiel, zwei Ego-Shootern, einem Strategietitel und Weltraumspielen wählen. (Star Wars, Computer) <br /><br />', '2015-01-20 15:33:00');
INSERT INTO `content` (`id`, `provider_id`, `category_id`, `title`, `locale`, `text`, `publish_date`) VALUES (5511, 6, 5, '1,5 Milliarden Euro: Bayern schafft Breitbandausbau schneller', 'de', 'Laut Angaben der bayrischen Regierung fließen die Fördergelder schneller, um jede Gemeinde per Glasfaser mit schnellem Internet zu versorgen. Schon 2017 soll der Ausbau abgeschlossen sein. (Netzpolitik, Glasfaser) <br /><br />', '2015-01-20 16:33:00');
INSERT INTO `content` (`id`, `provider_id`, `category_id`, `title`, `locale`, `text`, `publish_date`) VALUES (5510, 6, 5, 'Valve: Steam umgeht Löschen-Bug unter Linux', 'de', 'Valve stellt ein erstes Update für den Fehler in Steam bereit, der zum Löschen sämtlicher Nutzerdaten unter Linux führen konnte. Dieser Patch ist aber eher ein schlechter Hack als eine tatsächliche Lösung. (Steam, Ubuntu) <br /><br />', '2015-01-20 16:39:00');
INSERT INTO `content` (`id`, `provider_id`, `category_id`, `title`, `locale`, `text`, `publish_date`) VALUES (5509, 6, 5, 'Lumix GF7: Winzige Panasonic-Systemkamera für die Jackentasche', 'de', 'Eine Spiegelreflexkamera mag noch so schöne Bilder machen: Ist sie zu groß und schwer, bleibt sie zu Hause und macht gar keine Fotos. Panasonic bietet daher mit der Lumix GF7 eine winzige Systemkamera an, die in die Jackentasche passt. Einige Abstriche gilt es dabei aber zu beachten. (Lumix, Digitalkamera) <br /><br />', '2015-01-20 17:59:00');
INSERT INTO `content` (`id`, `provider_id`, `category_id`, `title`, `locale`, `text`, `publish_date`) VALUES (5508, 6, 5, 'Anwalt: Popcorn-Time-Nutzer werden nicht auf Filesharing hingewiesen', 'de', '"Popcorn-Time streamt Filme und Fernsehserien von Torrents", heißt es auf einer der Plattformen. Doch seit Jahresbeginn bekommen immer mehr Nutzer Abmahnungen. (Streaming, Bittorrent) <br /><br />', '2015-01-20 18:16:00');
INSERT INTO `content` (`id`, `provider_id`, `category_id`, `title`, `locale`, `text`, `publish_date`) VALUES (5507, 6, 5, 'Videothek: Legales Videostreaming überholt die Blu-ray', 'de', 'Legale Streaming-Dienste für Filme oder Serien sind bereits beliebter als die Blu-ray aus der Videothek. Mit TV-Serien in Online-Videotheken werden in diesem Jahr voraussichtlich 243 Millionen Euro umgesetzt - mehr als mit Filmen. (Netflix, Film) <br /><br />', '2015-01-20 19:18:00');
INSERT INTO `content` (`id`, `provider_id`, `category_id`, `title`, `locale`, `text`, `publish_date`) VALUES (5506, 8, 3, 'The Top Sports Books From the New York Times Best Seller List', 'en', 'An Olympic runner’s story of survival in World War II again topped the list of the 10 best-selling sports books in December 2014, according to the New York Times best-seller list.<br /><br /><br /><br /><br /><br /><br />', '2015-01-19 20:00:24');
INSERT INTO `content` (`id`, `provider_id`, `category_id`, `title`, `locale`, `text`, `publish_date`) VALUES (5505, 8, 3, 'Sports of The Times: Russell Wilson Has Distinguished Himself From Andrew Luck and Robert Griffin III', 'en', 'Russell Wilson, who will be playing in his second Super Bowl, was the sixth quarterback drafted in 2012, in the third round.', '2015-01-19 21:04:31');
INSERT INTO `content` (`id`, `provider_id`, `category_id`, `title`, `locale`, `text`, `publish_date`) VALUES (5504, 8, 3, 'A Ban Motivates Viktor Troicki to Return Even Stronger', 'en', 'Viktor Troicki of Serbia won his first-round match at the Australian Open against Jiri Vesely.', '2015-01-19 22:07:05');
INSERT INTO `content` (`id`, `provider_id`, `category_id`, `title`, `locale`, `text`, `publish_date`) VALUES (5503, 8, 3, 'Algeria Fights Back to Beat South Africa, 3-1', 'en', 'South Africa missed a penalty and conceded an own goal as top-ranked Algeria came from behind to win 3-1 in their African Nations Cup Group C game on Monday.<br />', '2015-01-19 22:53:03');
INSERT INTO `content` (`id`, `provider_id`, `category_id`, `title`, `locale`, `text`, `publish_date`) VALUES (5502, 8, 3, 'Tom Brady Laughs at N.F.L. Inquiry Into Deflated Footballs', 'en', 'Deflated balls would have been easier to grip in Sunday night\'s wet weather, but Tom Brady laughed off the allegations.', '2015-01-19 23:23:49');

INSERT INTO `news` (`content_id`, `link`, `image_url`, `image_width`, `image_height`, `news_group_id`) VALUES (5601, 'http://www.nzz.ch/sport/fuenf-formel-1-rennen-vorverschoben-1.18465292', NULL, 0, 0, -1);
INSERT INTO `news` (`content_id`, `link`, `image_url`, `image_width`, `image_height`, `news_group_id`) VALUES (5600, 'http://www.welt.de/sport/handball/article136577674/Deutschland-erkaempft-unentschieden-gegen-WM-Zweiten.html', 'http://img.welt.de/img/handball/crop136591019/7812093249-ci3x2s-w260/Denmark-v-Germany-24th-Men-s-Handball-World-Championship.jpg', 260, 173, -1);
INSERT INTO `news` (`content_id`, `link`, `image_url`, `image_width`, `image_height`, `news_group_id`) VALUES (5599, '/us-news/2015/jan/20/brigham-and-womens-hospital-doctor-shot-gunman-dead', NULL, 0, 0, -1);
INSERT INTO `news` (`content_id`, `link`, `image_url`, `image_width`, `image_height`, `news_group_id`) VALUES (5598, '/commentisfree/2015/jan/20/vladimir-putin-auschwitz-memorial-ceremony-soviet-union-liberating-camps', NULL, 0, 0, -1);
INSERT INTO `news` (`content_id`, `link`, `image_url`, `image_width`, `image_height`, `news_group_id`) VALUES (5597, 'http://rss.nytimes.com/c/34625/f/640316/s/42864dde/sc/7/l/0L0Snytimes0N0C20A150C0A10C210Cupshot0Cbetter0Ebut0Estill0Etroubled0Eour0Etake0Eon0Ethe0Estate0Eof0Ethe0Eunion0Bhtml0Dpartner0Frss0Gemc0Frss/story01.htm', NULL, 0, 0, -1);
INSERT INTO `news` (`content_id`, `link`, `image_url`, `image_width`, `image_height`, `news_group_id`) VALUES (5596, 'http://tagesanzeiger.ch/schweiz/standard/Schweizer-Lobbyoffensive-in-Bruessel/story/14705960', NULL, 0, 0, 0);
INSERT INTO `news` (`content_id`, `link`, `image_url`, `image_width`, `image_height`, `news_group_id`) VALUES (5595, 'http://tagesanzeiger.ch/schweiz/standard/SVP-im-Spagat/story/13050934', NULL, 0, 0, 0);
INSERT INTO `news` (`content_id`, `link`, `image_url`, `image_width`, `image_height`, `news_group_id`) VALUES (5594, 'http://rss.nytimes.com/c/34625/f/640346/s/427e99aa/sc/36/l/0L0Snytimes0N0C20A150C0A10C20A0Cbusiness0Cin0Eyear0E20Eof0Eaffordable0Ecare0Eact0Epremiums0Ediverge0Ewidely0Bhtml0Dpartner0Frss0Gemc0Frss/story01.htm', NULL, 0, 0, 0);
INSERT INTO `news` (`content_id`, `link`, `image_url`, `image_width`, `image_height`, `news_group_id`) VALUES (5593, 'http://rss.nytimes.com/c/34625/f/640346/s/427bb913/sc/14/l/0L0Snytimes0N0C20A150C0A10C20A0Chealth0Cstudy0Esuggests0Eway0Eto0Efight0Easian0Etiger0Emosquito0Bhtml0Dpartner0Frss0Gemc0Frss/story01.htm', NULL, 0, 0, 0);
INSERT INTO `news` (`content_id`, `link`, `image_url`, `image_width`, `image_height`, `news_group_id`) VALUES (5592, 'http://rss.nytimes.com/c/34625/f/640346/s/427bb908/sc/36/l/0L0Snytimes0N0C20A150C0A10C20A0Chealth0Ccomplexities0Eof0Echoosing0Ean0Eend0Egame0Efor0Edementia0Bhtml0Dpartner0Frss0Gemc0Frss/story01.htm', NULL, 0, 0, 0);
INSERT INTO `news` (`content_id`, `link`, `image_url`, `image_width`, `image_height`, `news_group_id`) VALUES (5591, 'http://rss.nytimes.com/c/34625/f/640346/s/427bb916/sc/14/l/0Lwell0Bblogs0Bnytimes0N0C20A150C0A10C190Ctoo0Eclose0Eto0Ea0Epatient0Efor0Ecomfort0C0Dpartner0Frss0Gemc0Frss/story01.htm', NULL, 0, 0, 0);
INSERT INTO `news` (`content_id`, `link`, `image_url`, `image_width`, `image_height`, `news_group_id`) VALUES (5590, 'http://rss.nytimes.com/c/34625/f/640346/s/427bb90e/sc/2/l/0L0Snytimes0N0C20A150C0A10C20A0Cscience0Ca0Elab0Eis0Etrying0Eto0Ekeep0Echina0Efrom0Edodging0Eus0Etariffs0Eon0Ehoney0Bhtml0Dpartner0Frss0Gemc0Frss/story01.htm', NULL, 0, 0, 0);
INSERT INTO `news` (`content_id`, `link`, `image_url`, `image_width`, `image_height`, `news_group_id`) VALUES (5589, 'http://rss.nytimes.com/c/34625/f/640346/s/427c3a1e/sc/14/l/0L0Snytimes0N0C20A150C0A10C20A0Cscience0Cthough0Ewe0Elong0Efor0Econtrol0Echance0Eplays0Ea0Epowerful0Erole0Ein0Ethe0Ebiology0Eof0Ecancer0Eand0Ethe0Eevolution0Eof0Elife0Bhtml0Dpartner0Frss0Gemc0Frss/story01.htm', NULL, 0, 0, 0);
INSERT INTO `news` (`content_id`, `link`, `image_url`, `image_width`, `image_height`, `news_group_id`) VALUES (5588, 'http://rss.nytimes.com/c/34625/f/640346/s/427cd926/sc/22/l/0L0Snytimes0N0C20A150C0A10C20A0Cscience0Cmillennials0Eset0Eto0Eoutnumber0Ebaby0Eboomers0Bhtml0Dpartner0Frss0Gemc0Frss/story01.htm', NULL, 0, 0, 0);
INSERT INTO `news` (`content_id`, `link`, `image_url`, `image_width`, `image_height`, `news_group_id`) VALUES (5587, 'http://rss.nytimes.com/c/34625/f/640346/s/42806287/sc/38/l/0L0Snytimes0N0C20A150C0A10C20A0Cscience0Cdonald0Ehalls0Efrank0Ecollection0Eof0Eessays0Eabout0Egrowing0Eolder0Enot0Ebetter0Bhtml0Dpartner0Frss0Gemc0Frss/story01.htm', NULL, 0, 0, 0);
INSERT INTO `news` (`content_id`, `link`, `image_url`, `image_width`, `image_height`, `news_group_id`) VALUES (5586, 'http://rss.nytimes.com/c/34625/f/640346/s/427cd930/sc/38/l/0L0Snytimes0N0C20A150C0A10C20A0Cscience0Cyour0Eletters0Emedical0Eschool0Enaming0Eocean0Elife0Eand0Econstipation0Bhtml0Dpartner0Frss0Gemc0Frss/story01.htm', NULL, 0, 0, 0);
INSERT INTO `news` (`content_id`, `link`, `image_url`, `image_width`, `image_height`, `news_group_id`) VALUES (5585, 'http://rss.nytimes.com/c/34625/f/640346/s/427d0505/sc/36/l/0Lwell0Bblogs0Bnytimes0N0C20A150C0A10C190Cwriting0Eyour0Eway0Eto0Ehappiness0C0Dpartner0Frss0Gemc0Frss/story01.htm', NULL, 0, 0, 0);
INSERT INTO `news` (`content_id`, `link`, `image_url`, `image_width`, `image_height`, `news_group_id`) VALUES (5584, 'http://rss.nytimes.com/c/34625/f/640346/s/427e99b2/sc/11/l/0L0Snytimes0N0C20A150C0A10C20A0Cworld0Casia0Cfarming0Evillage0Ein0Ecambodia0Egrieves0Eas0Ehundreds0Elearn0Ethey0Ehave0Ehiv0Bhtml0Dpartner0Frss0Gemc0Frss/story01.htm', NULL, 0, 0, 0);
INSERT INTO `news` (`content_id`, `link`, `image_url`, `image_width`, `image_height`, `news_group_id`) VALUES (5583, 'http://rss.nytimes.com/c/34625/f/640346/s/42806281/sc/1/l/0L0Snytimes0N0C20A150C0A10C20A0Cbusiness0Ceuropean0Eunion0Eapproves0Ehepatitis0Ec0Etreatment0Bhtml0Dpartner0Frss0Gemc0Frss/story01.htm', NULL, 0, 0, 0);
INSERT INTO `news` (`content_id`, `link`, `image_url`, `image_width`, `image_height`, `news_group_id`) VALUES (5582, 'http://rss.nytimes.com/c/34625/f/640346/s/427e99b5/sc/31/l/0L0Snytimes0N0C20A150C0A10C20A0Cworld0Casia0Cchina0Ewho0Ereports0E30Edeaths0Eamong0Ebird0Eflu0Ecases0Ein0Ehumans0Bhtml0Dpartner0Frss0Gemc0Frss/story01.htm', NULL, 0, 0, 0);
INSERT INTO `news` (`content_id`, `link`, `image_url`, `image_width`, `image_height`, `news_group_id`) VALUES (5581, 'http://rss.nytimes.com/c/34625/f/640346/s/42806280/sc/40/l/0L0Snytimes0N0C20A150C0A10C20A0Cworld0Cafrica0Cguinea0Eschools0Ereopen0Eas0Eebola0Eebbs0Bhtml0Dpartner0Frss0Gemc0Frss/story01.htm', NULL, 0, 0, 0);
INSERT INTO `news` (`content_id`, `link`, `image_url`, `image_width`, `image_height`, `news_group_id`) VALUES (5580, 'http://rss.nytimes.com/c/34625/f/640346/s/4278015c/sc/46/l/0L0Snytimes0N0C20A150C0A10C20A0Cbusiness0Cinternational0Ccarmat0Eartificial0Eheart0Bhtml0Dpartner0Frss0Gemc0Frss/story01.htm', NULL, 0, 0, 0);
INSERT INTO `news` (`content_id`, `link`, `image_url`, `image_width`, `image_height`, `news_group_id`) VALUES (5579, 'http://rss.nytimes.com/c/34625/f/640346/s/42521a44/sc/14/l/0Lwell0Bblogs0Bnytimes0N0C20A150C0A10C140Cblueberries0Emay0Elower0Eblood0Epressure0C0Dpartner0Frss0Gemc0Frss/story01.htm', NULL, 0, 0, 0);
INSERT INTO `news` (`content_id`, `link`, `image_url`, `image_width`, `image_height`, `news_group_id`) VALUES (5578, 'http://rss.nytimes.com/c/34625/f/640346/s/4264fa1a/sc/14/l/0Lwell0Bblogs0Bnytimes0N0C20A150C0A10C160Cask0Ewell0Eis0Erebounding0Egood0Eexercise0C0Dpartner0Frss0Gemc0Frss/story01.htm', NULL, 0, 0, 0);
INSERT INTO `news` (`content_id`, `link`, `image_url`, `image_width`, `image_height`, `news_group_id`) VALUES (5577, 'http://rss.nytimes.com/c/34625/f/640346/s/427cfcdf/sc/7/l/0Lwell0Bblogs0Bnytimes0N0C20A150C0A10C190Cadvice0Efrom0Eamericas0Eworst0Emom0C0Dpartner0Frss0Gemc0Frss/story01.htm', NULL, 0, 0, 0);
INSERT INTO `news` (`content_id`, `link`, `image_url`, `image_width`, `image_height`, `news_group_id`) VALUES (5576, 'http://rss.nytimes.com/c/34625/f/640346/s/425fc751/sc/32/l/0Lwell0Bblogs0Bnytimes0N0C20A150C0A10C150Chow0Evitamin0Ed0Emay0Efight0Ecolon0Ecancer0C0Dpartner0Frss0Gemc0Frss/story01.htm', NULL, 0, 0, 0);
INSERT INTO `news` (`content_id`, `link`, `image_url`, `image_width`, `image_height`, `news_group_id`) VALUES (5575, 'http://rss.nytimes.com/c/34625/f/640346/s/42806283/sc/36/l/0L0Snytimes0N0C20A150C0A10C20A0Cdining0Canimal0Ewelfare0Eat0Erisk0Ein0Eexperiments0Efor0Emeat0Eindustry0Bhtml0Dpartner0Frss0Gemc0Frss/story01.htm', NULL, 0, 0, 0);
INSERT INTO `news` (`content_id`, `link`, `image_url`, `image_width`, `image_height`, `news_group_id`) VALUES (5574, 'http://www.welt.de/wirtschaft/article136582443/Russische-Krise-springt-auf-die-Nachbarstaaten-ueber.html', 'http://img.welt.de/img/wirtschaft/crop136582440/3982099659-ci3x2s-w260/Russia-Kazakhstan-and-Belarus-sign-Eurasian-Union-treaty.jpg', 260, 173, 0);
INSERT INTO `news` (`content_id`, `link`, `image_url`, `image_width`, `image_height`, `news_group_id`) VALUES (5573, 'http://www.welt.de/sport/handball/article136577674/Deutschland-und-Daenemark-kaempfen-verbittert-weiter.html', 'http://img.welt.de/img/handball/crop136591019/5512093407-ci3x2s-w260/Denmark-v-Germany-24th-Men-s-Handball-World-Championship.jpg', 260, 173, 640);
INSERT INTO `news` (`content_id`, `link`, `image_url`, `image_width`, `image_height`, `news_group_id`) VALUES (5572, 'http://www.blick.ch/sport/fussball/international/ligue1/nach-fussbruch-michi-frey-im-spital-von-lille-ich-komme-staerker-zurueck-id3420164.html', NULL, 0, 0, 0);
INSERT INTO `news` (`content_id`, `link`, `image_url`, `image_width`, `image_height`, `news_group_id`) VALUES (5571, 'http://www.engadget.com/2015/01/19/youtube-super-bowl-halftime-show/?ncid=rss_truncated', NULL, 0, 0, 0);
INSERT INTO `news` (`content_id`, `link`, `image_url`, `image_width`, `image_height`, `news_group_id`) VALUES (5570, 'http://www.engadget.com/2015/01/19/braille-for-the-mouth-could-help-deaf-people-hear/?ncid=rss_truncated', NULL, 0, 0, 0);
INSERT INTO `news` (`content_id`, `link`, `image_url`, `image_width`, `image_height`, `news_group_id`) VALUES (5569, 'http://www.engadget.com/2015/01/20/los-angeles-subway-wifi-gets-underway/?ncid=rss_truncated', NULL, 0, 0, 0);
INSERT INTO `news` (`content_id`, `link`, `image_url`, `image_width`, `image_height`, `news_group_id`) VALUES (5568, 'http://www.engadget.com/2015/01/20/gchq-collected-journalists-email/?ncid=rss_truncated', NULL, 0, 0, 0);
INSERT INTO `news` (`content_id`, `link`, `image_url`, `image_width`, `image_height`, `news_group_id`) VALUES (5567, 'http://www.engadget.com/2015/01/20/marriott-trials-streaming-on-tvs/?ncid=rss_truncated', NULL, 0, 0, 0);
INSERT INTO `news` (`content_id`, `link`, `image_url`, `image_width`, `image_height`, `news_group_id`) VALUES (5566, 'http://www.engadget.com/2015/01/20/instant-replay-inventor-tony-verna-dies-at-81/?ncid=rss_truncated', NULL, 0, 0, 0);
INSERT INTO `news` (`content_id`, `link`, `image_url`, `image_width`, `image_height`, `news_group_id`) VALUES (5565, 'http://www.engadget.com/2015/01/20/sky-broadband-shield-always-on/?ncid=rss_truncated', NULL, 0, 0, 0);
INSERT INTO `news` (`content_id`, `link`, `image_url`, `image_width`, `image_height`, `news_group_id`) VALUES (5564, 'http://www.engadget.com/2015/01/20/club-nintendo-is-closing-down/?ncid=rss_truncated', NULL, 0, 0, 0);
INSERT INTO `news` (`content_id`, `link`, `image_url`, `image_width`, `image_height`, `news_group_id`) VALUES (5563, 'http://www.engadget.com/2015/01/20/vodafone-1984g-street/?ncid=rss_truncated', NULL, 0, 0, 0);
INSERT INTO `news` (`content_id`, `link`, `image_url`, `image_width`, `image_height`, `news_group_id`) VALUES (5562, 'http://www.engadget.com/2015/01/20/splashdata-worst-passwords/?ncid=rss_truncated', NULL, 0, 0, 0);
INSERT INTO `news` (`content_id`, `link`, `image_url`, `image_width`, `image_height`, `news_group_id`) VALUES (5561, 'http://www.engadget.com/2015/01/20/fda-wearables-guidance-note/?ncid=rss_truncated', NULL, 0, 0, 0);
INSERT INTO `news` (`content_id`, `link`, `image_url`, `image_width`, `image_height`, `news_group_id`) VALUES (5560, 'http://www.engadget.com/2015/01/20/steam-broadcasting-game-streaming/?ncid=rss_truncated', NULL, 0, 0, 0);
INSERT INTO `news` (`content_id`, `link`, `image_url`, `image_width`, `image_height`, `news_group_id`) VALUES (5559, 'http://www.engadget.com/2015/01/20/vince-cable-netflix-europe/?ncid=rss_truncated', NULL, 0, 0, 0);
INSERT INTO `news` (`content_id`, `link`, `image_url`, `image_width`, `image_height`, `news_group_id`) VALUES (5558, 'http://www.engadget.com/2015/01/20/peoplekeeper-app-launch/?ncid=rss_truncated', NULL, 0, 0, 668);
INSERT INTO `news` (`content_id`, `link`, `image_url`, `image_width`, `image_height`, `news_group_id`) VALUES (5557, 'http://www.engadget.com/2015/01/20/sarah-brightman-iss/?ncid=rss_truncated', NULL, 0, 0, 0);
INSERT INTO `news` (`content_id`, `link`, `image_url`, `image_width`, `image_height`, `news_group_id`) VALUES (5556, 'http://www.engadget.com/2015/01/20/borderlands-handsome-collection/?ncid=rss_truncated', NULL, 0, 0, 0);
INSERT INTO `news` (`content_id`, `link`, `image_url`, `image_width`, `image_height`, `news_group_id`) VALUES (5555, 'http://www.engadget.com/2015/01/20/htc-one-m9-hima-spyshots/?ncid=rss_truncated', NULL, 0, 0, 0);
INSERT INTO `news` (`content_id`, `link`, `image_url`, `image_width`, `image_height`, `news_group_id`) VALUES (5554, 'http://www.engadget.com/2015/01/20/engadget-giveaway-win-an-aira-tr-8-courtesy-of-roland/?ncid=rss_truncated', NULL, 0, 0, 667);
INSERT INTO `news` (`content_id`, `link`, `image_url`, `image_width`, `image_height`, `news_group_id`) VALUES (5553, 'http://www.engadget.com/2015/01/20/panasonic-lumix-gf7-mirrorless/?ncid=rss_truncated', NULL, 0, 0, 667);
INSERT INTO `news` (`content_id`, `link`, `image_url`, `image_width`, `image_height`, `news_group_id`) VALUES (5552, 'http://www.engadget.com/2015/01/20/starbucks-uk-wireless-charging/?ncid=rss_truncated', NULL, 0, 0, 0);
INSERT INTO `news` (`content_id`, `link`, `image_url`, `image_width`, `image_height`, `news_group_id`) VALUES (5551, 'http://www.engadget.com/2015/01/20/snappy-ubuntu-core-for-iot/?ncid=rss_truncated', NULL, 0, 0, 0);
INSERT INTO `news` (`content_id`, `link`, `image_url`, `image_width`, `image_height`, `news_group_id`) VALUES (5550, 'http://www.engadget.com/2015/01/20/hp-elite-x2-tablets/?ncid=rss_truncated', NULL, 0, 0, 0);
INSERT INTO `news` (`content_id`, `link`, `image_url`, `image_width`, `image_height`, `news_group_id`) VALUES (5549, 'http://www.engadget.com/2015/01/20/super-bowl-xlix-livestream-nbc/?ncid=rss_truncated', NULL, 0, 0, 0);
INSERT INTO `news` (`content_id`, `link`, `image_url`, `image_width`, `image_height`, `news_group_id`) VALUES (5548, 'http://www.engadget.com/2015/01/20/powers-launches-march-10th/?ncid=rss_truncated', NULL, 0, 0, 0);
INSERT INTO `news` (`content_id`, `link`, `image_url`, `image_width`, `image_height`, `news_group_id`) VALUES (5547, 'http://www.engadget.com/2015/01/20/what-to-expect-from-microsofts-next-windows-10-event/?ncid=rss_truncated', NULL, 0, 0, 0);
INSERT INTO `news` (`content_id`, `link`, `image_url`, `image_width`, `image_height`, `news_group_id`) VALUES (5546, 'http://rss.feedsportal.com/c/33374/f/578068/p/1/s/20abf5b9/l/0L0Sgolem0Bde0Cnews0Csnowden0Eunterlagen0Ensa0Eentwickelt0Ebios0Etrojaner0Eund0Enetzwerk0Ekillswitch0E150A10E1117890Erss0Bhtml/story01.htm', NULL, 0, 0, 0);
INSERT INTO `news` (`content_id`, `link`, `image_url`, `image_width`, `image_height`, `news_group_id`) VALUES (5545, 'http://rss.feedsportal.com/c/33374/f/578068/p/1/s/3f8faf2/l/0L0Sgolem0Bde0Cnews0Cbattlefleet0Egothic0Earmada0Eechtzeitstrategie0Eauf0Ebasis0Eder0Eunreal0Eengine0E40E150A10E111790A0Erss0Bhtml/story01.htm', NULL, 0, 0, 0);
INSERT INTO `news` (`content_id`, `link`, `image_url`, `image_width`, `image_height`, `news_group_id`) VALUES (5544, 'http://rss.feedsportal.com/c/33374/f/578068/p/1/s/3f427c28/l/0L0Sgolem0Bde0Cnews0Cenergiespeicher0Efrittiertes0Egraphen0Everbessert0Eakkus0E150A10E1117910Erss0Bhtml/story01.htm', NULL, 0, 0, 0);
INSERT INTO `news` (`content_id`, `link`, `image_url`, `image_width`, `image_height`, `news_group_id`) VALUES (5543, 'http://rss.feedsportal.com/c/33374/f/578068/p/1/s/283bbd9a/l/0L0Sgolem0Bde0Cnews0Casus0Eeeebook0Ex20A5ta0Eim0Etest0Edie0Egelungene0Erueckkehr0Edes0Enetbooks0E150A10E1116920Erss0Bhtml/story01.htm', NULL, 0, 0, 0);
INSERT INTO `news` (`content_id`, `link`, `image_url`, `image_width`, `image_height`, `news_group_id`) VALUES (5542, 'http://rss.feedsportal.com/c/33374/f/578068/p/1/s/be7e0d2/l/0L0Sgolem0Bde0Cnews0Cvirtual0Ereality0Efacebook0Esucht0Eoculus0Eexperten0E150A10E1117920Erss0Bhtml/story01.htm', NULL, 0, 0, 0);
INSERT INTO `news` (`content_id`, `link`, `image_url`, `image_width`, `image_height`, `news_group_id`) VALUES (5541, 'http://rss.feedsportal.com/c/33374/f/578068/p/1/s/2e795432/l/0L0Sgolem0Bde0Cnews0Cstreaming0Eanwaelte0Everzeichnen0Eviele0Eabmahnung0Ezu0Epopcorn0Etime0E150A10E1117930Erss0Bhtml/story01.htm', NULL, 0, 0, 0);
INSERT INTO `news` (`content_id`, `link`, `image_url`, `image_width`, `image_height`, `news_group_id`) VALUES (5540, 'http://rss.feedsportal.com/c/33374/f/578068/p/1/s/6bd4765f/l/0L0Sgolem0Bde0Cnews0C20A140Ee0Esportler0Eerspielen0Eueber0E350Emillionen0Eus0Edollar0Epreisgeld0E150A10E1117940Erss0Bhtml/story01.htm', NULL, 0, 0, 0);
INSERT INTO `news` (`content_id`, `link`, `image_url`, `image_width`, `image_height`, `news_group_id`) VALUES (5539, 'http://rss.feedsportal.com/c/33374/f/578068/p/1/s/59dad77b/l/0L0Sgolem0Bde0Cnews0Cinit0Esystem0Elinux0Emint0Everzichtet0Enoch0Eauf0Esystemd0E150A10E1117950Erss0Bhtml/story01.htm', NULL, 0, 0, 0);
INSERT INTO `news` (`content_id`, `link`, `image_url`, `image_width`, `image_height`, `news_group_id`) VALUES (5538, 'http://rss.feedsportal.com/c/33374/f/578068/p/1/s/523dbe8d/l/0L0Sgolem0Bde0Cnews0Canwalt0Emassenhafte0Ehandy0Ebeschlagnahmung0Ewar0Ewohl0Erechtswidrig0E150A10E1117960Erss0Bhtml/story01.htm', NULL, 0, 0, 0);
INSERT INTO `news` (`content_id`, `link`, `image_url`, `image_width`, `image_height`, `news_group_id`) VALUES (5537, 'http://rss.feedsportal.com/c/33374/f/578068/p/1/s/326d0076/l/0L0Sgolem0Bde0Cnews0Ccivilization0Esid0Emeier0Es0Estarships0Ebringt0Ebastel0Eraumschiffe0E150A10E1117970Erss0Bhtml/story01.htm', NULL, 0, 0, 0);
INSERT INTO `news` (`content_id`, `link`, `image_url`, `image_width`, `image_height`, `news_group_id`) VALUES (5536, 'http://rss.feedsportal.com/c/33374/f/578068/p/1/s/4c0ef9a7/l/0L0Sgolem0Bde0Cnews0Cdual0Emonitor0Ebetrieb0Evga0Eanschluss0Efuer0Eplus0Emodelle0Edes0Eraspberry0Epi0E150A10E1117980Erss0Bhtml/story01.htm', NULL, 0, 0, 0);
INSERT INTO `news` (`content_id`, `link`, `image_url`, `image_width`, `image_height`, `news_group_id`) VALUES (5535, 'http://rss.feedsportal.com/c/33374/f/578068/p/1/s/79289e1b/l/0L0Sgolem0Bde0Cnews0Camazon0Eoriginal0Emovies0Eamazon0Ewill0Eeigene0Ekinofilme0Ekurz0Enach0Eder0Epremiere0Estreamen0E150A10E1117990Erss0Bhtml/story01.htm', NULL, 0, 0, 0);
INSERT INTO `news` (`content_id`, `link`, `image_url`, `image_width`, `image_height`, `news_group_id`) VALUES (5534, 'http://rss.feedsportal.com/c/33374/f/578068/p/1/s/58ad5ffa/l/0L0Sgolem0Bde0Cnews0Ctimotheus0Ehoettges0Etelekom0Ewill0E230E50Emilliarden0Eeuro0Efuer0Enetzausbau0Eausgeben0E150A10E11180A10Erss0Bhtml/story01.htm', NULL, 0, 0, 0);
INSERT INTO `news` (`content_id`, `link`, `image_url`, `image_width`, `image_height`, `news_group_id`) VALUES (5533, 'http://rss.feedsportal.com/c/33374/f/578068/p/1/s/7b20959c/l/0L0Sgolem0Bde0Cnews0Cxeon0Eneue0Ehaswells0Efuer0Evier0Esockel0Esysteme0E150A10E11180A20Erss0Bhtml/story01.htm', NULL, 0, 0, 0);
INSERT INTO `news` (`content_id`, `link`, `image_url`, `image_width`, `image_height`, `news_group_id`) VALUES (5532, 'http://rss.feedsportal.com/c/33374/f/578068/p/1/s/7f7b68b5/l/0L0Sgolem0Bde0Cnews0Cspacex0Egoogle0Ewill0Ebei0Eelon0Emusks0Esatelliten0Einternet0Eeinsteigen0E150A10E11180A30Erss0Bhtml/story01.htm', NULL, 0, 0, 0);
INSERT INTO `news` (`content_id`, `link`, `image_url`, `image_width`, `image_height`, `news_group_id`) VALUES (5531, 'http://rss.feedsportal.com/c/33374/f/578068/p/1/s/40486afe/l/0L0Sgolem0Bde0Cnews0Capple0Ejailbreak0Efuer0Eios0E80E10E20Eunter0Eos0Ex0Eist0Eda0E150A10E11180A40Erss0Bhtml/story01.htm', NULL, 0, 0, 0);
INSERT INTO `news` (`content_id`, `link`, `image_url`, `image_width`, `image_height`, `news_group_id`) VALUES (5530, 'http://rss.feedsportal.com/c/33374/f/578068/p/1/s/6e31f400/l/0L0Sgolem0Bde0Cnews0Ctechcrunch0Eentlassungen0Eund0Eschliessungen0Ebei0Eaol0E150A10E11180A80Erss0Bhtml/story01.htm', NULL, 0, 0, 0);
INSERT INTO `news` (`content_id`, `link`, `image_url`, `image_width`, `image_height`, `news_group_id`) VALUES (5529, 'http://rss.feedsportal.com/c/33374/f/578068/p/1/s/3163c761/l/0L0Sgolem0Bde0Cnews0Cmacbook0Epro0Eretina0Edisplays0Emit0Eirreparabler0Efleckenbildung0E150A10E11180A70Erss0Bhtml/story01.htm', NULL, 0, 0, 0);
INSERT INTO `news` (`content_id`, `link`, `image_url`, `image_width`, `image_height`, `news_group_id`) VALUES (5528, 'http://rss.feedsportal.com/c/33374/f/578068/p/1/s/277be2ac/l/0L0Sgolem0Bde0Cnews0Chtc0Eneues0Eone0Esmartphone0Eund0Eerste0Esmartwatch0Eim0Emaerz0E150A10E1117810Erss0Bhtml/story01.htm', NULL, 0, 0, 0);
INSERT INTO `news` (`content_id`, `link`, `image_url`, `image_width`, `image_height`, `news_group_id`) VALUES (5527, 'http://rss.feedsportal.com/c/33374/f/578068/p/1/s/12a8d5b4/l/0L0Sgolem0Bde0Cnews0Cverschluesselung0Eneue0Eangriffe0Eauf0Erc40E150A10E11180A50Erss0Bhtml/story01.htm', NULL, 0, 0, 0);
INSERT INTO `news` (`content_id`, `link`, `image_url`, `image_width`, `image_height`, `news_group_id`) VALUES (5526, 'http://rss.feedsportal.com/c/33374/f/578068/p/1/s/7c73b899/l/0L0Sgolem0Bde0Cnews0Cxeon0Ee50E240A0A0Ev30E10A0Ekern0Ehaswell0Eerscheint0Efuer0Edrei0Ejahre0Ealten0Esockel0E150A10E11180A0A0Erss0Bhtml/story01.htm', NULL, 0, 0, 0);
INSERT INTO `news` (`content_id`, `link`, `image_url`, `image_width`, `image_height`, `news_group_id`) VALUES (5525, 'http://rss.feedsportal.com/c/33374/f/578068/p/1/s/5907e8bf/l/0L0Sgolem0Bde0Cnews0Cdisplay0Emit0Edoppelter0Ebiegung0Esamsung0Eplant0Eeine0Eedge0Evariante0Edes0Egalaxy0Es60E150A10E11180A90Erss0Bhtml/story01.htm', NULL, 0, 0, 0);
INSERT INTO `news` (`content_id`, `link`, `image_url`, `image_width`, `image_height`, `news_group_id`) VALUES (5524, 'http://rss.feedsportal.com/c/33374/f/578068/p/1/s/30e0368d/l/0L0Sgolem0Bde0Cnews0Creform0Edes0Eurheberrechts0Epiratin0Everoeffentlicht0Eliste0Ealler0Elobby0Eanfragen0E150A10E111810A0Erss0Bhtml/story01.htm', NULL, 0, 0, 0);
INSERT INTO `news` (`content_id`, `link`, `image_url`, `image_width`, `image_height`, `news_group_id`) VALUES (5523, 'http://rss.feedsportal.com/c/33374/f/578068/p/1/s/16dead2e/l/0L0Sgolem0Bde0Cnews0Caus0Efuer0Eclub0Enintendo0Esterne0Esind0Ebald0Enichts0Emehr0Ewert0E150A10E1118120Erss0Bhtml/story01.htm', NULL, 0, 0, 0);
INSERT INTO `news` (`content_id`, `link`, `image_url`, `image_width`, `image_height`, `news_group_id`) VALUES (5522, 'http://rss.feedsportal.com/c/33374/f/578068/p/1/s/459ec2f5/l/0L0Sgolem0Bde0Cnews0Cf0Esecure0Ebios0Etrojaner0Eaufzuspueren0Eist0Efast0Eaussichtslos0E150A10E1118110Erss0Bhtml/story01.htm', NULL, 0, 0, 0);
INSERT INTO `news` (`content_id`, `link`, `image_url`, `image_width`, `image_height`, `news_group_id`) VALUES (5521, 'http://rss.feedsportal.com/c/33374/f/578068/p/1/s/41cb7b7/l/0L0Sgolem0Bde0Cnews0Cmicrosoft0Ewindows0E80E10Ewith0Ebing0Enicht0Efuer0Ealle0Etablets0Ekostenlos0E150A10E1118140Erss0Bhtml/story01.htm', NULL, 0, 0, 0);
INSERT INTO `news` (`content_id`, `link`, `image_url`, `image_width`, `image_height`, `news_group_id`) VALUES (5520, 'http://rss.feedsportal.com/c/33374/f/578068/p/1/s/16e3b491/l/0L0Sgolem0Bde0Cnews0Cueberwachung0Eus0Epolizisten0Eschauen0Eper0Eradar0Ein0Ewohnungen0E150A10E1118150Erss0Bhtml/story01.htm', NULL, 0, 0, 0);
INSERT INTO `news` (`content_id`, `link`, `image_url`, `image_width`, `image_height`, `news_group_id`) VALUES (5519, 'http://rss.feedsportal.com/c/33374/f/578068/p/1/s/40ac9b7f/l/0L0Sgolem0Bde0Cnews0Czu0Eviele0Ekrisen0Eunions0Eobmann0Eim0Ensa0Eausschuss0Ehoert0Eauf0E150A10E1118130Erss0Bhtml/story01.htm', NULL, 0, 0, 0);
INSERT INTO `news` (`content_id`, `link`, `image_url`, `image_width`, `image_height`, `news_group_id`) VALUES (5518, 'http://rss.feedsportal.com/c/33374/f/578068/p/1/s/1bbe84bb/l/0L0Sgolem0Bde0Cnews0Csamsung0Egear0Evr0Eim0Etest0Eich0Eliebe0Edas0Eumschnallbare0Eheimkino0E150A10E11180A60Erss0Bhtml/story01.htm', NULL, 0, 0, 0);
INSERT INTO `news` (`content_id`, `link`, `image_url`, `image_width`, `image_height`, `news_group_id`) VALUES (5517, 'http://rss.feedsportal.com/c/33374/f/578068/p/1/s/4cb3f4f/l/0L0Sgolem0Bde0Cnews0Clibavcodec0Efehler0Eerlauben0Ecodeausfuehrung0Ein0Evlc0Ecodecbibliothek0E150A10E1118160Erss0Bhtml/story01.htm', NULL, 0, 0, 0);
INSERT INTO `news` (`content_id`, `link`, `image_url`, `image_width`, `image_height`, `news_group_id`) VALUES (5516, 'http://rss.feedsportal.com/c/33374/f/578068/p/1/s/d1b282/l/0L0Sgolem0Bde0Cnews0Ceuropaeisches0Eleistungsschutzrecht0Eoettinger0Edroht0Ewieder0Emit0Eder0Egoogle0Esteuer0E150A10E1118170Erss0Bhtml/story01.htm', NULL, 0, 0, 0);
INSERT INTO `news` (`content_id`, `link`, `image_url`, `image_width`, `image_height`, `news_group_id`) VALUES (5515, 'http://rss.feedsportal.com/c/33374/f/578068/p/1/s/3cc980eb/l/0L0Sgolem0Bde0Cnews0Cdisplay0Eserver0Evolle0Ewayland0Eunterstuetzung0Efuer0Egnome0Enoch0Edieses0Ejahr0E150A10E1118180Erss0Bhtml/story01.htm', NULL, 0, 0, 0);
INSERT INTO `news` (`content_id`, `link`, `image_url`, `image_width`, `image_height`, `news_group_id`) VALUES (5514, 'http://rss.feedsportal.com/c/33374/f/578068/p/1/s/5a1b8acd/l/0L0Sgolem0Bde0Cnews0Clte0Enachfolger0Ehuawei0Ezeigt0Esein0Eerstes0E5g0Ehandy0E150A10E1118190Erss0Bhtml/story01.htm', NULL, 0, 0, 0);
INSERT INTO `news` (`content_id`, `link`, `image_url`, `image_width`, `image_height`, `news_group_id`) VALUES (5513, 'http://rss.feedsportal.com/c/33374/f/578068/p/1/s/72d108ca/l/0L0Sgolem0Bde0Cnews0Clollipop0Eandroid0E50E0A0E20Efuer0Edrei0Enexus0Etablets0E150A10E111820A0Erss0Bhtml/story01.htm', NULL, 0, 0, 0);
INSERT INTO `news` (`content_id`, `link`, `image_url`, `image_width`, `image_height`, `news_group_id`) VALUES (5512, 'http://rss.feedsportal.com/c/33374/f/578068/p/1/s/735f738c/l/0L0Sgolem0Bde0Cnews0Cmehr0Estar0Ewars0Edigitale0Epremieren0Efuer0Egalaktische0Eschlachtfelder0E150A10E1118210Erss0Bhtml/story01.htm', NULL, 0, 0, 0);
INSERT INTO `news` (`content_id`, `link`, `image_url`, `image_width`, `image_height`, `news_group_id`) VALUES (5511, 'http://rss.feedsportal.com/c/33374/f/578068/p/1/s/e0e238f/l/0L0Sgolem0Bde0Cnews0C10E50Emilliarden0Eeuro0Ebayern0Eschafft0Ebreitbandausbau0Eschneller0E150A10E1118230Erss0Bhtml/story01.htm', NULL, 0, 0, 0);
INSERT INTO `news` (`content_id`, `link`, `image_url`, `image_width`, `image_height`, `news_group_id`) VALUES (5510, 'http://rss.feedsportal.com/c/33374/f/578068/p/1/s/fee04ae/l/0L0Sgolem0Bde0Cnews0Cvalve0Esteam0Eumgeht0Eloeschen0Ebug0Eunter0Elinux0E150A10E1118220Erss0Bhtml/story01.htm', NULL, 0, 0, 0);
INSERT INTO `news` (`content_id`, `link`, `image_url`, `image_width`, `image_height`, `news_group_id`) VALUES (5509, 'http://rss.feedsportal.com/c/33374/f/578068/p/1/s/6ba571a0/l/0L0Sgolem0Bde0Cnews0Clumix0Egf70Ewinzige0Epanasonic0Esystemkamera0Efuer0Edie0Ejackentasche0E150A10E1118240Erss0Bhtml/story01.htm', NULL, 0, 0, 0);
INSERT INTO `news` (`content_id`, `link`, `image_url`, `image_width`, `image_height`, `news_group_id`) VALUES (5508, 'http://rss.feedsportal.com/c/33374/f/578068/p/1/s/24257022/l/0L0Sgolem0Bde0Cnews0Canwalt0Epopcorn0Etime0Enutzer0Ewerden0Enicht0Eauf0Efilesharing0Ehingewiesen0E150A10E1118270Erss0Bhtml/story01.htm', NULL, 0, 0, 0);
INSERT INTO `news` (`content_id`, `link`, `image_url`, `image_width`, `image_height`, `news_group_id`) VALUES (5507, 'http://rss.feedsportal.com/c/33374/f/578068/p/1/s/37b7699f/l/0L0Sgolem0Bde0Cnews0Cvideothek0Elegales0Evideostreaming0Eueberholt0Edie0Eblu0Eray0E150A10E1118280Erss0Bhtml/story01.htm', NULL, 0, 0, 0);
INSERT INTO `news` (`content_id`, `link`, `image_url`, `image_width`, `image_height`, `news_group_id`) VALUES (5506, 'http://rss.nytimes.com/c/34625/f/640382/s/427c161b/sc/36/l/0L0Snytimes0N0C20A150C0A10C20A0Csports0Cthe0Etop0Esports0Ebooks0Efrom0Ethe0Enew0Eyork0Etimes0Ebest0Eseller0Elist0Bhtml0Dpartner0Frss0Gemc0Frss/story01.htm', NULL, 0, 0, 0);
INSERT INTO `news` (`content_id`, `link`, `image_url`, `image_width`, `image_height`, `news_group_id`) VALUES (5505, 'http://rss.nytimes.com/c/34625/f/640382/s/427c21ba/sc/13/l/0L0Snytimes0N0C20A150C0A10C20A0Csports0Cfootball0Crussell0Ewilson0Estands0Eproudest0Ein0E20A120Equarterback0Eclass0Bhtml0Dpartner0Frss0Gemc0Frss/story01.htm', NULL, 0, 0, 0);
INSERT INTO `news` (`content_id`, `link`, `image_url`, `image_width`, `image_height`, `news_group_id`) VALUES (5504, 'http://rss.nytimes.com/c/34625/f/640382/s/427ca8cf/sc/14/l/0L0Snytimes0N0C20A150C0A10C20A0Csports0Ctennis0Ca0Eban0Emotivates0Eviktor0Etroicki0Eto0Ereturn0Eeven0Estronger0Bhtml0Dpartner0Frss0Gemc0Frss/story01.htm', NULL, 0, 0, 0);
INSERT INTO `news` (`content_id`, `link`, `image_url`, `image_width`, `image_height`, `news_group_id`) VALUES (5503, 'http://rss.nytimes.com/c/34625/f/640382/s/427f4b4c/sc/12/l/0L0Snytimes0N0Creuters0C20A150C0A10C190Csports0Csoccer0C19reuters0Esoccer0Enations0Ealgeria0Bhtml0Dpartner0Frss0Gemc0Frss/story01.htm', NULL, 0, 0, 0);
INSERT INTO `news` (`content_id`, `link`, `image_url`, `image_width`, `image_height`, `news_group_id`) VALUES (5502, 'http://rss.nytimes.com/c/34625/f/640382/s/427b2e09/sc/13/l/0L0Snytimes0N0C20A150C0A10C20A0Csports0Cfootball0Ctom0Ebrady0Elaughs0Eat0Enfl0Einquiry0Einto0Edeflated0Efootballs0Bhtml0Dpartner0Frss0Gemc0Frss/story01.htm', NULL, 0, 0, 0);